world	regime	mode	early4096_bits	whole16384_bits	tail8192_bits	admission_next_t	max_odds_before	max_odds_after	clips	low_clips	high_clips	slow_count	fast_count	minimum_prefix_bits	maximum_drawdown_bits
208	recombined	slow	257.66037517217643	1865.6931894165336	1191.9311285121512	67	15.85071047665134	15.85071047665134	0	0	0	16317	0	-0.26726208875854685	12.341899393430708
208	recombined	fast	252.1092970879252	1843.0574607151823	1178.8092272820782	67	9.8474426966288	9.8474426966288	0	0	0	0	16317	-0.1991099323520955	7.2944837779194245
208	recombined	adaptive	256.7917649237398	1864.824579168097	1191.9311285121512	67	15.85071047665134	15.85071047665134	0	0	0	15691	626	-0.2631259336131673	12.341899393430708
208	recombined	witness	256.81257826835036	1864.5012785484691	1191.8344455831757	67	15.850710476651338	15.850710476651338	0	0	0	15458	859	-0.26726208875854685	12.259149580805001
208	recombined	ceiling	251.58400895737452	1825.5530750503522	1164.41345947765	67	5.0	5.0	2850	0	0	15458	859	-0.26726208875854685	5.03728478003373
208	recombined	witnessed_ceiling	256.6448018706282	1863.3824533766565	1190.8982892115541	67	10.0	10.0	2560	3	2557	15458	859	-0.26726208875854685	9.789674066778048
208	switched	slow	257.66037517217643	668.9362699174344	-4.825790986954534	67	15.844181527368088	15.844181527368088	0	0	0	16317	0	-0.26726208875854685	12.353546482144111
208	switched	fast	252.1092970879252	663.8059163731119	-0.4423170599944904	67	9.842280784270002	9.842280784270002	0	0	0	0	16317	-0.1991099323520955	7.2944837779194245
208	switched	adaptive	256.7917649237398	668.0679479601304	-4.825502695821092	67	15.844181527368088	15.844181527368088	0	0	0	7618	8699	-0.2631259336131673	12.353258191011378
208	switched	witness	256.81257826835036	668.3382267185119	-4.328606246789329	67	15.844181527368088	15.844181527368088	0	0	0	7389	8928	-0.26726208875854685	12.259149580805001
208	switched	ceiling	251.58400895737452	660.926444022721	-0.21317154998135915	67	5.0	5.0	1186	0	0	7389	8928	-0.26726208875854685	5.03728478003373
208	switched	witnessed_ceiling	256.6448018706282	670.1093601284341	-2.3748040366654286	67	10.0	10.0	1034	3	1031	7389	8928	-0.26726208875854685	9.789674066778048
208	moved_mid	slow	257.66037517217643	974.6568590217596	300.89479811737084	67	15.844181527368088	15.844181527368088	0	0	0	16317	0	-0.26726208875854685	13.18446714023537
208	moved_mid	fast	252.1092970879252	958.9795025811474	294.7312691480401	67	9.842280784270002	9.842280784270002	0	0	0	0	16317	-0.1991099323520955	7.2944837779194245
208	moved_mid	adaptive	256.7917649237398	972.5362666858492	299.64281602989723	67	15.844181527368088	15.844181527368088	0	0	0	14404	1913	-0.2631259336131673	13.184465890606475
208	moved_mid	witness	256.81257826835036	971.6202779676879	298.9534450023878	67	15.844181527368088	15.844181527368088	0	0	0	13584	2733	-0.26726208875854685	13.142466839325152
208	moved_mid	ceiling	251.58400895737452	956.9717948600461	295.83217928734325	67	5.0	5.0	1703	0	0	13584	2733	-0.26726208875854685	5.043491419297766
208	moved_mid	witnessed_ceiling	256.6448018706282	972.45757194723	299.97340778213027	67	10.0	10.0	1480	7	1473	13584	2733	-0.26726208875854685	9.972798317102729
208	unrelated	slow	0.0	0.0	0.0		0.0	0.0	0	0	0	0	0	0.0	0.0
208	unrelated	fast	0.0	0.0	0.0		0.0	0.0	0	0	0	0	0	0.0	0.0
208	unrelated	adaptive	0.0	0.0	0.0		0.0	0.0	0	0	0	0	0	0.0	0.0
208	unrelated	witness	0.0	0.0	0.0		0.0	0.0	0	0	0	0	0	0.0	0.0
208	unrelated	ceiling	0.0	0.0	0.0		0.0	0.0	0	0	0	0	0	0.0	0.0
208	unrelated	witnessed_ceiling	0.0	0.0	0.0		0.0	0.0	0	0	0	0	0	0.0	0.0
209	recombined	slow	638.0419191589357	3580.4507117494945	2027.7004583578134	103	15.899576472115877	15.899576472115877	0	0	0	16281	0	0.0	13.936203444717194
209	recombined	fast	632.5097914564725	3558.1335982121736	2016.5886384609337	103	9.897958463023341	9.897958463023341	0	0	0	0	16281	0.0	9.217956006924737
209	recombined	adaptive	637.5881882464133	3579.996980836972	2027.7004583578134	103	15.899576472115877	15.899576472115877	0	0	0	15954	327	0.0	13.936203444717194
209	recombined	witness	637.459145509824	3579.837411861619	2027.7004583578134	103	15.899576472115877	15.899576472115877	0	0	0	15839	442	0.0	13.936203444717194
209	recombined	ceiling	625.6281597500424	3511.1938070246715	1988.3528203870765	103	5.0	5.0	4284	0	0	15839	442	0.0	5.042331949662298
209	recombined	witnessed_ceiling	637.1166720668011	3577.823242808937	2026.5440138104084	103	10.0	10.0	4095	0	4095	15839	442	0.0	9.936838337469453
209	switched	slow	638.0419191589357	1543.491954270348	-9.258299121345424	103	15.858086218734263	15.858086218734263	0	0	0	16281	0	0.0	13.936203444717194
209	switched	fast	632.5097914564725	1538.259789163275	-3.2851705879626456	103	9.856386269553157	9.856386269553157	0	0	0	0	16281	0.0	9.217956006924737
209	switched	adaptive	637.5881882464133	1543.0382233709033	-9.258299108266725	103	15.858086218734263	15.858086218734263	0	0	0	8165	8116	0.0	13.936203444717194
209	switched	witness	637.459145509824	1542.998166495046	-9.138787008769711	103	15.858086218734263	15.858086218734263	0	0	0	8312	7969	0.0	13.936203444717194
209	switched	ceiling	625.6281597500424	1521.0950512662944	-1.745935371303947	103	5.0	5.0	1824	0	0	8312	7969	0.0	5.042331949662298
209	switched	witnessed_ceiling	637.1166720668011	1544.789831039161	-6.489397959365975	103	10.0	10.0	1725	0	1725	8312	7969	0.0	9.936838337469453
209	moved_mid	slow	638.0419191589357	2668.9693445053044	1116.2190911136088	103	15.858086218734263	15.858086218734263	0	0	0	16281	0	0.0	13.936203444717194
209	moved_mid	fast	632.5097914564725	2646.9104898712612	1105.3655301200274	103	9.856386269553157	9.856386269553157	0	0	0	0	16281	0.0	9.217956006924737
209	moved_mid	adaptive	637.5881882464133	2668.515613592782	1116.2190911136088	103	15.858086218734263	15.858086218734263	0	0	0	15954	327	0.0	13.936203444717194
209	moved_mid	witness	637.459145509824	2667.6419707216432	1115.505017217813	103	15.858086218734263	15.858086218734263	0	0	0	15324	957	0.0	13.936203444717194
209	moved_mid	ceiling	625.6281597500424	2617.051156646829	1094.210170009231	103	5.0	5.0	3366	0	0	15324	957	0.0	5.043486537813806
209	moved_mid	witnessed_ceiling	637.1166720668011	2666.1723496087266	1114.8931206102056	103	10.0	10.0	3172	1	3171	15324	957	0.0	9.972645088857917
209	unrelated	slow	0.0	0.0	0.0		0.0	0.0	0	0	0	0	0	0.0	0.0
209	unrelated	fast	0.0	0.0	0.0		0.0	0.0	0	0	0	0	0	0.0	0.0
209	unrelated	adaptive	0.0	0.0	0.0		0.0	0.0	0	0	0	0	0	0.0	0.0
209	unrelated	witness	0.0	0.0	0.0		0.0	0.0	0	0	0	0	0	0.0	0.0
209	unrelated	ceiling	0.0	0.0	0.0		0.0	0.0	0	0	0	0	0	0.0	0.0
209	unrelated	witnessed_ceiling	0.0	0.0	0.0		0.0	0.0	0	0	0	0	0	0.0	0.0
210	recombined	slow	514.5522732585861	3002.7440806468217	1776.915490976172	107	15.838968153204265	15.838968153204265	0	0	0	16277	0	0.0	13.587487378653009
210	recombined	fast	510.1372500952086	2980.2222085742847	1765.604913991262	107	9.836667598064775	9.836667598064775	0	0	0	0	16277	0.0	8.292196165949917
210	recombined	adaptive	514.1457192605156	3002.3375266487515	1776.915490976172	107	15.838968153204265	15.838968153204265	0	0	0	15984	293	0.0	13.587487378653009
210	recombined	witness	513.8723720422622	3001.584083573824	1776.7101326426787	107	15.838968153204265	15.838968153204265	0	0	0	15441	836	0.0	13.51691368833076
210	recombined	ceiling	505.4232368456154	2943.1154999478567	1742.096246804559	107	5.0	5.0	3344	0	0	15441	836	0.0	5.043151162121433
210	recombined	witnessed_ceiling	513.665920984023	2999.8542480864126	1775.6892008171062	107	10.0	10.0	3119	3	3116	15441	836	0.0	9.962155297157267
210	switched	slow	514.5522732585861	1241.9704835521438	16.14189388149352	107	15.798383616740816	15.798383616740816	0	0	0	16277	0	0.0	13.587487378653009
210	switched	fast	510.1372500952086	1236.020977067505	21.40368248450406	107	9.796590088786514	9.796590088786514	0	0	0	0	16277	0.0	7.85951487330027
210	switched	adaptive	514.1457192605156	1241.5673690139445	16.145333341364534	107	15.798383616740816	15.798383616740816	0	0	0	8500	7777	0.0	13.587487378653009
210	switched	witness	513.8723720422622	1242.3337096698751	17.459758738722343	107	15.797579475756145	15.797579475756145	0	0	0	8246	8031	0.0	13.51691368833076
210	switched	ceiling	505.4232368456154	1223.2151228194198	22.195869676104756	107	5.0	5.0	1410	0	0	8246	8031	0.0	5.043151162121433
210	switched	witnessed_ceiling	513.665920984023	1242.315543903689	18.150496634386187	107	10.0	10.0	1290	3	1287	8246	8031	0.0	9.962155297157267
210	moved_mid	slow	514.5522732585861	1518.439098858225	292.6105091875774	107	15.798383616740816	15.798383616740816	0	0	0	16277	0	0.0	13.587487378653009
210	moved_mid	fast	510.1372500952086	1502.290841980222	287.6735473972237	107	9.796590088786514	9.796590088786514	0	0	0	0	16277	0.0	7.85951487330027
210	moved_mid	adaptive	514.1457192605156	1514.8855941822474	289.46355850967086	107	15.798383616740816	15.798383616740816	0	0	0	13611	2666	0.0	13.587487378653009
210	moved_mid	witness	513.8723720422622	1514.9984024235862	290.1244514924318	107	15.797579475756145	15.797579475756145	0	0	0	12991	3286	0.0	13.51691368833076
210	moved_mid	ceiling	505.4232368456154	1491.6113896639424	290.59213652063005	107	5.0	5.0	1747	0	0	12991	3286	0.0	5.043172774899176
210	moved_mid	witnessed_ceiling	513.665920984023	1515.9423781237042	291.77733085440065	107	10.0	10.0	1596	5	1591	12991	3286	0.0	9.962155297157267
210	unrelated	slow	0.0	0.0	0.0		0.0	0.0	0	0	0	0	0	0.0	0.0
210	unrelated	fast	0.0	0.0	0.0		0.0	0.0	0	0	0	0	0	0.0	0.0
210	unrelated	adaptive	0.0	0.0	0.0		0.0	0.0	0	0	0	0	0	0.0	0.0
210	unrelated	witness	0.0	0.0	0.0		0.0	0.0	0	0	0	0	0	0.0	0.0
210	unrelated	ceiling	0.0	0.0	0.0		0.0	0.0	0	0	0	0	0	0.0	0.0
210	unrelated	witnessed_ceiling	0.0	0.0	0.0		0.0	0.0	0	0	0	0	0	0.0	0.0
211	recombined	slow	209.63813272250457	1918.7961336438325	1295.8687759100462	107	15.878883623092285	15.878883623092285	0	0	0	16277	0	0.0	12.529245153987205
211	recombined	fast	204.94448574903777	1896.7167712087385	1285.003195669607	107	9.876178802584397	9.876178802584397	0	0	0	0	16277	0.0	7.62670041254205
211	recombined	adaptive	208.63076684332674	1917.7887677646545	1295.8687759100462	107	15.878883623092285	15.878883623092285	0	0	0	15551	726	0.0	12.529245153987205
211	recombined	witness	208.09956931933388	1916.097336625929	1295.3997818781409	107	15.87770504384223	15.87770504384223	0	0	0	14332	1945	0.0	12.203984941249473
211	recombined	ceiling	205.2675349551827	1879.617009304838	1271.2087762691906	107	5.0	5.0	2452	0	0	14332	1945	0.0	5.039626500152423
211	recombined	witnessed_ceiling	208.0482836477845	1915.0351801136117	1294.6976602281661	107	10.0	10.0	2268	3	2265	14332	1945	0.0	9.856155813953166
211	switched	slow	209.63813272250457	629.7602760970796	6.832918363281433	107	15.832439178217186	15.832439178217186	0	0	0	16277	0	0.0	12.529245153987205
211	switched	fast	204.94448574903777	624.1638930232647	12.450317484126138	107	9.83078751580468	9.83078751580468	0	0	0	0	16277	0.0	7.565768705439808
211	switched	adaptive	208.63076684332674	628.7529548081868	6.8329629535648415	107	15.832439178217186	15.832439178217186	0	0	0	7740	8537	0.0	12.529245153987205
211	switched	witness	208.09956931933388	627.7097089106442	7.012154162846368	107	15.832432708712203	15.832432708712203	0	0	0	7072	9205	0.0	12.216733279959271
211	switched	ceiling	205.2675349551827	622.3261979676375	13.91796493198936	107	5.0	5.0	908	0	0	7072	9205	0.0	5.039626500152423
211	switched	witnessed_ceiling	208.0482836477845	629.7375555743539	9.40003568890722	107	10.0	10.0	814	3	811	7072	9205	0.0	9.856155813953166
211	moved_mid	slow	209.63813272250457	751.4844838662575	128.55712613245652	107	15.832439178217186	15.832439178217186	0	0	0	16277	0	0.0	14.192687498917962
211	moved_mid	fast	204.94448574903777	735.2915914229694	123.5780158838297	107	9.83078751580468	9.83078751580468	0	0	0	0	16277	0.0	8.29208370317508
211	moved_mid	adaptive	208.63076684332674	746.3242757566237	124.40428390199845	107	15.832439178217186	15.832439178217186	0	0	0	12479	3798	0.0	14.192652392303444
211	moved_mid	witness	208.09956931933388	745.3952391470557	124.69768439925511	107	15.832432708712203	15.832432708712203	0	0	0	11667	4610	0.0	14.188012771361628
211	moved_mid	ceiling	205.2675349551827	738.0232926000693	129.61505956442085	107	5.0	5.0	1051	0	0	11667	4610	0.0	5.043022906203305
211	moved_mid	witnessed_ceiling	208.0482836477845	747.4809106512392	127.14339076579122	107	10.0	10.0	940	3	937	11667	4610	0.0	9.958163177476308
211	unrelated	slow	0.0	0.0	0.0		0.0	0.0	0	0	0	0	0	0.0	0.0
211	unrelated	fast	0.0	0.0	0.0		0.0	0.0	0	0	0	0	0	0.0	0.0
211	unrelated	adaptive	0.0	0.0	0.0		0.0	0.0	0	0	0	0	0	0.0	0.0
211	unrelated	witness	0.0	0.0	0.0		0.0	0.0	0	0	0	0	0	0.0	0.0
211	unrelated	ceiling	0.0	0.0	0.0		0.0	0.0	0	0	0	0	0	0.0	0.0
211	unrelated	witnessed_ceiling	0.0	0.0	0.0		0.0	0.0	0	0	0	0	0	0.0	0.0
212	recombined	slow	588.9886350929678	2789.175857375038	1516.359848061278	177	15.914317347529991	15.914317347529991	0	0	0	16207	0	0.0	10.243793137683042
212	recombined	fast	583.5755252498942	2766.696675279923	1504.938969529465	177	9.91242482653887	9.91242482653887	0	0	0	0	16207	0.0	7.465311909434547
212	recombined	adaptive	588.7666260837825	2788.953848365853	1516.359848061278	177	15.914317347529991	15.914317347529991	0	0	0	16047	160	0.0	10.243793137683042
212	recombined	witness	588.8471043496122	2789.0065755055343	1516.359848061278	177	15.914317347529991	15.914317347529991	0	0	0	16085	122	0.0	10.243793137683042
212	recombined	ceiling	577.988147892949	2734.43365479416	1486.2427005996713	177	5.0	5.0	3038	0	0	16085	122	0.0	5.01739426778704
212	recombined	witnessed_ceiling	588.525218539402	2787.4063744458663	1515.4774210452933	177	10.0	10.0	2889	1	2888	16085	122	0.0	9.319270973888706
212	switched	slow	588.9886350929678	1262.711585958877	-10.104423354886865	177	15.914317347529991	15.914317347529991	0	0	0	16207	0	0.0	12.105786954362884
212	switched	fast	583.5755252498942	1257.6090191314586	-4.148686618993979	177	9.91242482653887	9.91242482653887	0	0	0	0	16207	0.0	7.465311909434547
212	switched	adaptive	588.7666260837825	1262.4895817671595	-10.104418537418056	177	15.914317347529991	15.914317347529991	0	0	0	8242	7965	0.0	12.105782136901098
212	switched	witness	588.8471043496122	1262.5477424281896	-10.098985016071442	177	15.914317347529991	15.914317347529991	0	0	0	8037	8170	0.0	12.100363459450136
212	switched	ceiling	577.988147892949	1245.0269415930304	-3.164012601463899	177	5.0	5.0	1428	0	0	8037	8170	0.0	5.04022269234224
212	switched	witnessed_ceiling	588.525218539402	1264.0531263847238	-7.875827015853937	177	10.0	10.0	1325	1	1324	8037	8170	0.0	9.873564824291407
212	moved_mid	slow	588.9886350929678	2153.417050416085	880.6010411023284	177	15.914317347529991	15.914317347529991	0	0	0	16207	0	0.0	13.088957716564664
212	moved_mid	fast	583.5755252498942	2131.0696430482876	869.3119372978338	177	9.91242482653887	9.91242482653887	0	0	0	0	16207	0.0	7.511430827331651
212	moved_mid	adaptive	588.7666260837825	2153.1908840607593	880.5968837561891	177	15.914317347529991	15.914317347529991	0	0	0	16044	163	0.0	13.088957716564664
212	moved_mid	witness	588.8471043496122	2152.6147140548846	879.9679866106273	177	15.914317347529991	15.914317347529991	0	0	0	15628	579	0.0	13.087876856019875
212	moved_mid	ceiling	577.988147892949	2110.4781329730627	862.2871787785683	177	5.0	5.0	2526	0	0	15628	579	0.0	5.042022946547149
212	moved_mid	witnessed_ceiling	588.525218539402	2151.394397621424	879.4654442208478	177	10.0	10.0	2345	1	2344	15628	579	0.0	9.927399441744683
212	unrelated	slow	0.0	0.0	0.0		0.0	0.0	0	0	0	0	0	0.0	0.0
212	unrelated	fast	0.0	0.0	0.0		0.0	0.0	0	0	0	0	0	0.0	0.0
212	unrelated	adaptive	0.0	0.0	0.0		0.0	0.0	0	0	0	0	0	0.0	0.0
212	unrelated	witness	0.0	0.0	0.0		0.0	0.0	0	0	0	0	0	0.0	0.0
212	unrelated	ceiling	0.0	0.0	0.0		0.0	0.0	0	0	0	0	0	0.0	0.0
212	unrelated	witnessed_ceiling	0.0	0.0	0.0		0.0	0.0	0	0	0	0	0	0.0	0.0
213	recombined	slow	364.9772277527512	2114.517815110315	1304.8278504728878	107	15.87255050329939	15.87255050329939	0	0	0	16277	0	-0.5741910444103748	13.961886143040601
213	recombined	fast	359.63168539408423	2092.452498481464	1293.7689321252246	107	9.87054698298252	9.87054698298252	0	0	0	0	16277	-0.5735132333905826	8.401252895069092
213	recombined	adaptive	364.05311525201785	2113.593702609582	1304.8278504728878	107	15.87255050329939	15.87255050329939	0	0	0	15611	666	-0.5735132333905826	13.961886143040601
213	recombined	witness	363.6937381683995	2112.3782032842923	1304.5801131102062	107	15.872550503276349	15.872550503276349	0	0	0	14735	1542	-0.5741910444103748	13.938728119882626
213	recombined	ceiling	357.8340220619545	2074.114303627947	1280.4448080069733	107	5.0	5.0	2654	0	0	14735	1542	-0.5741910444103748	5.043196662127457
213	recombined	witnessed_ceiling	363.53801106326483	2111.3516238590123	1303.9513071900726	107	10.0	10.0	2506	1	2505	14735	1542	-0.5741910444103748	9.963574112852257
213	switched	slow	364.9772277527512	803.3694810699259	-6.320483567507052	107	15.87255050329939	15.87255050329939	0	0	0	16277	0	-0.5741910444103748	13.72712942733665
213	switched	fast	359.63168539408423	797.8276161638092	-0.8559501924228021	107	9.87054698298252	9.87054698298252	0	0	0	0	16277	-0.5735132333905826	8.089323314006322
213	switched	adaptive	364.05311525201785	802.4301034685354	-6.335748668162079	107	15.87255050329939	15.87255050329939	0	0	0	8145	8132	-0.5735132333905826	13.72712942733665
213	switched	witness	363.6937381683995	801.8841511739267	-5.913939000161765	107	15.872550503276349	15.872550503276349	0	0	0	8717	7560	-0.5741910444103748	13.416955403283623
213	switched	ceiling	357.8340220619545	792.6965899218338	-0.9729056991407027	107	5.0	5.0	1010	0	0	8717	7560	-0.5741910444103748	5.041394430513037
213	switched	witnessed_ceiling	363.53801106326483	802.9506871572082	-4.449629511730651	107	10.0	10.0	952	1	951	8717	7560	-0.5741910444103748	9.908382946815891
213	moved_mid	slow	364.9772277527512	1189.4131489661038	379.7231843286734	107	15.87255050329939	15.87255050329939	0	0	0	16277	0	-0.5741910444103748	14.201651742867398
213	moved_mid	fast	359.63168539408423	1167.3147129413803	368.6311465851444	107	9.87054698298252	9.87054698298252	0	0	0	0	16277	-0.5735132333905826	8.27974795572004
213	moved_mid	adaptive	364.05311525201785	1186.3646877587294	377.5988356220309	107	15.87255050329939	15.87255050329939	0	0	0	14080	2197	-0.5735132333905826	14.201651742865579
213	moved_mid	witness	363.6937381683995	1184.3735448289972	376.57545465491256	107	15.872550503276349	15.872550503276349	0	0	0	12645	3632	-0.5741910444103748	14.157119502670412
213	moved_mid	ceiling	357.8340220619545	1164.1767451024973	370.50724948152117	107	5.0	5.0	1491	0	0	12645	3632	-0.5741910444103748	5.043775968728141
213	moved_mid	witnessed_ceiling	363.53801106326483	1183.8555617143709	376.4552450454334	107	10.0	10.0	1399	3	1396	12645	3632	-0.5741910444103748	9.981757573886853
213	unrelated	slow	0.0	0.0	0.0		0.0	0.0	0	0	0	0	0	0.0	0.0
213	unrelated	fast	0.0	0.0	0.0		0.0	0.0	0	0	0	0	0	0.0	0.0
213	unrelated	adaptive	0.0	0.0	0.0		0.0	0.0	0	0	0	0	0	0.0	0.0
213	unrelated	witness	0.0	0.0	0.0		0.0	0.0	0	0	0	0	0	0.0	0.0
213	unrelated	ceiling	0.0	0.0	0.0		0.0	0.0	0	0	0	0	0	0.0	0.0
213	unrelated	witnessed_ceiling	0.0	0.0	0.0		0.0	0.0	0	0	0	0	0	0.0	0.0
214	recombined	slow	534.1611075966923	2886.965132390865	1577.6738538194409	174	15.826782467876617	15.826782467876617	0	0	0	16210	0	-0.7858756595369176	12.364383326266307
214	recombined	fast	528.7332115151444	2864.4988604075556	1566.3302390719095	174	9.82436366248733	9.82436366248733	0	0	0	0	16210	0.0	7.683130078310626
214	recombined	adaptive	533.5450325962029	2886.349057390376	1577.6738538194409	174	15.826782467876617	15.826782467876617	0	0	0	15766	444	-0.7504676689062812	12.364383326266307
214	recombined	witness	533.545032611425	2886.131211050117	1577.4990217247068	174	15.826782467876617	15.826782467876617	0	0	0	15609	601	-0.6208288090152669	11.792736164983808
214	recombined	ceiling	523.5511726821279	2827.969958538849	1545.0283530213862	174	5.0	5.0	3450	0	0	15609	601	0.0	5.037429260860563
214	recombined	witnessed_ceiling	533.2268351161483	2884.400069686129	1576.5466207954614	174	10.0	10.0	3283	4	3279	15609	601	-0.6208288090152669	9.793691464141375
214	switched	slow	534.1611075966923	1296.9460028798128	-12.345275691607217	174	15.826782467876617	15.826782467876617	0	0	0	16210	0	-0.7858756595369176	12.649580459115896
214	switched	fast	528.7332115151444	1291.8014572651052	-6.367164070539635	174	9.82436366248733	9.82436366248733	0	0	0	0	16210	0.0	7.683130078310626
214	switched	adaptive	533.5450325962029	1296.3299278794386	-12.345275691491677	174	15.826782467876617	15.826782467876617	0	0	0	7768	8442	-0.7504676689062812	12.64958045900039
214	switched	witness	533.545032611425	1296.433738716839	-12.19845060856578	174	15.826782467876617	15.826782467876617	0	0	0	7646	8564	-0.6208288090152669	12.502755376073537
214	switched	ceiling	523.5511726821279	1278.1977702154036	-4.743835302043554	174	5.0	5.0	1510	0	0	7646	8564	0.0	5.03981041260181
214	switched	witnessed_ceiling	533.2268351161483	1298.295989802347	-9.557459088327967	174	10.0	10.0	1423	4	1419	7646	8564	-0.6208288090152669	9.861504512344027
214	moved_mid	slow	534.1611075966923	2094.963923666287	785.6726450948636	174	15.826782467876617	15.826782467876617	0	0	0	16210	0	-0.7858756595369176	13.952651276285678
214	moved_mid	fast	528.7332115151444	2074.2171847647114	776.0485634290629	174	9.82436366248733	9.82436366248733	0	0	0	0	16210	0.0	7.966549363235799
214	moved_mid	adaptive	533.5450325962029	2094.2909588571897	785.6157552862599	174	15.826782467876617	15.826782467876617	0	0	0	15725	485	-0.7504676689062812	13.952651276285678
214	moved_mid	witness	533.545032611425	2092.7577091375047	784.1255198121054	174	15.826782467876617	15.826782467876617	0	0	0	14620	1590	-0.6208288090152669	13.949862933421855
214	moved_mid	ceiling	523.5511726821279	2054.886064930581	771.9444594131278	174	5.0	5.0	2468	0	0	14620	1590	0.0	5.04249645206437
214	moved_mid	witnessed_ceiling	533.2268351161483	2091.9841286071664	784.1306797164816	174	10.0	10.0	2322	7	2315	14620	1590	-0.6208288090152669	9.941887746630755
214	unrelated	slow	0.0	0.0	0.0		0.0	0.0	0	0	0	0	0	0.0	0.0
214	unrelated	fast	0.0	0.0	0.0		0.0	0.0	0	0	0	0	0	0.0	0.0
214	unrelated	adaptive	0.0	0.0	0.0		0.0	0.0	0	0	0	0	0	0.0	0.0
214	unrelated	witness	0.0	0.0	0.0		0.0	0.0	0	0	0	0	0	0.0	0.0
214	unrelated	ceiling	0.0	0.0	0.0		0.0	0.0	0	0	0	0	0	0.0	0.0
214	unrelated	witnessed_ceiling	0.0	0.0	0.0		0.0	0.0	0	0	0	0	0	0.0	0.0
215	recombined	slow	284.8815444087436	2189.0111672889816	1349.474666127841	104	15.891747207614456	15.891747207614456	0	0	0	16280	0	0.0	12.868782671511028
215	recombined	fast	280.8806674561759	2166.4270461141687	1338.0365163595204	104	9.890148719854214	9.890148719854214	0	0	0	0	16280	0.0	7.692910437208184
215	recombined	adaptive	283.8478149597254	2187.9774378399634	1349.474666127841	104	15.891747207614456	15.891747207614456	0	0	0	15535	745	0.0	12.868782597429195
215	recombined	witness	283.5536816362636	2186.8493545620354	1349.0972508122252	104	15.891747189540334	15.891747189540334	0	0	0	14722	1558	0.0	12.691166868671687
215	recombined	ceiling	281.0544215471454	2142.7847397397913	1321.3638997405913	104	5.0	5.0	2838	0	0	14722	1558	0.0	5.04124918304592
215	recombined	witnessed_ceiling	283.719002774177	2185.546456392156	1348.2818306579225	104	10.0	10.0	2669	2	2667	14722	1558	0.0	9.904022574760006
215	switched	slow	284.8815444087436	1028.2819374021533	188.74543624101327	104	15.815899553337132	15.815899553337132	0	0	0	16280	0	0.0	13.481588650018693
215	switched	fast	280.8806674561759	1019.7161365655402	191.3256068108899	104	9.812804883404883	9.812804883404883	0	0	0	0	16280	0.0	7.741959959123278
215	switched	adaptive	283.8478149597254	1027.1530723289707	188.65030061684524	104	15.815899553337132	15.815899553337132	0	0	0	10471	5809	0.0	13.481588650018693
215	switched	witness	283.5536816362636	1026.684052279269	188.93194852945197	104	15.815899553030112	15.815899553030112	0	0	0	11273	5007	0.0	13.388934209208742
215	switched	ceiling	281.0544215471454	1012.4969141271839	191.07607412799248	104	5.0	5.0	1274	0	0	11273	5007	0.0	5.041721494359649
215	switched	witnessed_ceiling	283.719002774177	1027.6734648741576	190.40883913992303	104	10.0	10.0	1182	1	1181	11273	5007	0.0	9.918248397963794
215	moved_mid	slow	284.8815444087436	1163.048636423414	323.5121352622757	104	15.89764510087229	15.89764510087229	0	0	0	16280	0	0.0	13.47222941827772
215	moved_mid	fast	280.8806674561759	1140.4635407822286	312.07301102757486	104	9.896007746867614	9.896007746867614	0	0	0	0	16280	0.0	7.692910437208184
215	moved_mid	adaptive	283.8478149597254	1159.0011346747076	320.4983629625873	104	15.89764510087229	15.89764510087229	0	0	0	13363	2917	0.0	13.472198975786682
215	moved_mid	witness	283.5536816362636	1158.0395581536802	320.2874544038611	104	15.897645013892408	15.897645013892408	0	0	0	12670	3610	0.0	12.9289630427279
215	moved_mid	ceiling	281.0544215471454	1135.0128109293223	313.5919709301344	104	5.0	5.0	1503	0	0	12670	3610	0.0	5.0419529365962035
215	moved_mid	witnessed_ceiling	283.719002774177	1157.3544090549294	320.0897833206979	104	10.0	10.0	1394	2	1392	12670	3610	0.0	9.925269172241315
215	unrelated	slow	0.0	0.0	0.0		0.0	0.0	0	0	0	0	0	0.0	0.0
215	unrelated	fast	0.0	0.0	0.0		0.0	0.0	0	0	0	0	0	0.0	0.0
215	unrelated	adaptive	0.0	0.0	0.0		0.0	0.0	0	0	0	0	0	0.0	0.0
215	unrelated	witness	0.0	0.0	0.0		0.0	0.0	0	0	0	0	0	0.0	0.0
215	unrelated	ceiling	0.0	0.0	0.0		0.0	0.0	0	0	0	0	0	0.0	0.0
215	unrelated	witnessed_ceiling	0.0	0.0	0.0		0.0	0.0	0	0	0	0	0	0.0	0.0
