domain	arianna-method.netta.mycelium.court4-biography/v1
source_commit	e02c645
verdict	CONFIRMATORY PASS: microscopic relation replicated in selected class
stage	roots2	COURT4_CONFIRMATORY_ROOTS2.tsv	2123	9b21de267935713d4d4b84d7281aca6968e1071b5878c558b99b58668b3bc3bc
stage	base_commit2	BASE_COMMIT2.tsv	186	acf118b62a9505e5c4f3066239b97710ea5dce8d15cf3faf9d950abd49b06f31
stage	freeze2	COURT4_BASE_COMMIT_FREEZE2.tsv	274	5de9b2f356353e3a22500dc3196f5f35f2f6d4bb32eb6d36f6d71c235e1287da
stage	selection2	SELECTION2.tsv	901	69c3ee3d0e8e4d0b68f3f975edbba1245c95cb0b19599227a7f526996264dacc
stage	builder_receipt	COURT4_DRAW2_BUILDER_OUTPUT_RECEIPT.tsv	4379	5281e130d35ef677fad7893fd96bee626a51e3fae9ad4aff5b70ea19299a5678
stage	c8_verdict	COURT4_DRAW2_C8_VERDICT_RECORD.tsv	5398	b528c3e2efe1a2dd38b892e18f67e2db98338b61e617c1b581f119686fc76b1e
artifact	events	relation_events.tsv	903	e8ac386fb11c6ba6199edea505ff0ad8c0b4c08284366823ea92a6b64f314b4c
artifact	relations	relations.tsv	36101	d3e5e514ea4cccc4a044ad224d19170e637beb79a810fb0875816f798211b438
summary	events	10
summary	earn	10
summary	revoke	0
summary	relation_candidates	162
summary	relation_live	5
summary	relation_ever_earned	5
summary	control_rows	230
