t	record	truth	sources	corrected	state_before	state_after	cold	pooled_quote
0	0	0	-7.5408644706486863,-6.8519658087578952,-13.095924419998536,-6.4293690248233402,-11.841302253980942,-13.506032031499437,-11.571541984958834,-11.800468536472364,-6.4435595822584402,-13.810214576196845,-8.2895066171949843	-7.5408644706486863,-7.5408644706486863,-7.5408644706486863,-7.5408644706486863	0.875,0,0,0,0,0,0,0,0,0,0,0,0,0,0	0.90583471192028808,0.6883636486022886,-5.4916441717555431,0.42223899699812523,-4.9466314495241885,-0.4096444667276794,1.5234630275176635,-4.9070107140702586,0.40805883227697615,-0.71338780198083984,4.8050586307910681,1.110738415685796,-4.274323431292177,-5.8810590522852424,-4.0092201798703329	-8	-7.5908772833307214
1	1	0	-7.5408644706486863,-6.8519658087578952,-13.095924419998536,-6.4293690248233402,-11.841302253980942,-13.506032031499437,-11.571541984958834,-11.800468536472364,-6.4435595822584402,-13.810214576196845,-8.2895066171949843	-7.5408644706486863,-7.5408644706486863,-7.5408644706486863,-7.5408644706486863	0.875,0,0,0,0,0,0,0,0,0,0,0,0,0,0	0.90583471192028808,0.6883636486022886,-5.4916441717555431,0.42223899699812523,-4.9466314495241885,-0.4096444667276794,1.5234630275176635,-4.9070107140702586,0.40805883227697615,-0.71338780198083984,4.8050586307910681,1.110738415685796,-4.274323431292177,-5.8810590522852424,-4.0092201798703329	-8	-7.5908772833307214
2	0	23	-8,-8,-8,-8,-8,-8,-8,-8,-8,-8,-8	-8,-8,-8,-8	0.90583471192028808,0.6883636486022886,-5.4916441717555431,0.42223899699812523,-4.9466314495241885,-0.4096444667276794,1.5234630275176635,-4.9070107140702586,0.40805883227697615,-0.71338780198083984,4.8050586307910681,1.110738415685796,-4.274323431292177,-5.8810590522852424,-4.0092201798703329	0.90580459989692841,0.68782895959888124,-5.4309570424591866,0.42188147084016653,-4.9051942285463976,-0.40918192266114306,1.5225439324152976,-4.8667175707277339,0.40771169375815342,-0.71248689218049754,4.8036995062806254,1.109981727968145,-4.2486982132037765,-5.8016605968653696,-3.9880978078733649	-8	-8
3	0	0	-8,-8,-8,-8,-8,-8,-8,-8,-8,-8,-8	-8,-8,-8,-8	0.90580459989692841,0.68782895959888124,-5.4309570424591866,0.42188147084016653,-4.9051942285463976,-0.40918192266114306,1.5225439324152976,-4.8667175707277339,0.40771169375815342,-0.71248689218049754,4.8036995062806254,1.109981727968145,-4.2486982132037765,-5.8016605968653696,-3.9880978078733649	0.9057745172798416,0.68729459480411026,-5.3727757478685323,0.42152420533516838,-4.8649528094726024,-0.40871997832997625,1.5216251498254367,-4.8275570338004439,0.40736481081623899,-0.71158742358563443,4.8023404293153327,1.1092253826970317,-4.2235445941728029,-5.7264764300096118,-3.9673004134219751	-8	-8
4	-1	0	-8,-8,-8,-8,-8,-8,-8,-8,-8,-8,-8	-8,-8,-8,-8	0.875,0,0,0,0,0,0,0,0,0,0,0,0,0,0	0.875,0,0,0,0,0,0,0,0,0,0,0,0,0,0	-8	-8
5	0	0	-7.5408644706486863,-6.8519658087578952,-13.095924419998536,-6.4293690248233402,-11.841302253980942,-13.506032031499437,-11.571541984958834,-11.800468536472364,-6.4435595822584402,-13.810214576196845,-8.2895066171949843	-7.1795021777466115,-7.239912253502979,-6.8425009421378773,-7.1834413832605355	0.9057745172798416,0.68729459480411026,-5.3727757478685323,0.42152420533516838,-4.8649528094726024,-0.40871997832997625,1.5216251498254367,-4.8275570338004439,0.40736481081623899,-0.71158742358563443,4.8023404293153327,1.1092253826970317,-4.2235445941728029,-5.7264764300096118,-3.9673004134219751	0.92959812351405913,1.3753268638455984,-9.391064951839418,0.84349679017996204,-8.9260460033756015,-0.81775164496187391,3.0447687539338721,-8.8844483402987073,0.81516241961854241,-1.423503062796297,9.6073504680989235,2.2196137752710392,-8.0819644352397706,-9.6112355524882354,-7.6775818827006228	-8	-7.5784025018778136
6	0	0	-7.5408644706486863,-6.8519658087578952,-13.095924419998536,-6.4293690248233402,-11.841302253980942,-13.506032031499437,-11.571541984958834,-11.800468536472364,-6.4435595822584402,-13.810214576196845,-8.2895066171949843	-6.9316853156650993,-7.0802504166154563,-6.6061629293839594,-6.9405430786632074	0.92959812351405913,1.3753268638455984,-9.391064951839418,0.84349679017996204,-8.9260460033756015,-0.81775164496187391,3.0447687539338721,-8.8844483402987073,0.81516241961854241,-1.423503062796297,9.6073504680989235,2.2196137752710392,-8.0819644352397706,-9.6112355524882354,-7.6775818827006228	0.94771506168979913,2.0631531296954386,-9.9539876616124818,1.2652702480079228,-9.9075074476755631,-1.2259695048929409,4.5678010258255286,-9.9022490650552015,1.2227628536905644,-2.1330097147461125,14.412358765261159,3.3298397753236197,-9.7470969572356285,-9.970106387220369,-9.6151431592159113	-8	-7.568818880826929
7	0	0	-7.5408644706486863,-6.8519658087578952,-13.095924419998536,-6.4293690248233402,-11.841302253980942,-13.506032031499437,-11.571541984958834,-11.800468536472364,-6.4435595822584402,-13.810214576196845,-8.2895066171949843	-6.7674418169792965,-6.989380059230287,-6.5085800123025699,-6.77963591999203	0.94771506168979913,2.0631531296954386,-9.9539876616124818,1.2652702480079228,-9.9075074476755631,-1.2259695048929409,4.5678010258255286,-9.9022490650552015,1.2227628536905644,-2.1330097147461125,14.412358765261159,3.3298397753236197,-9.7470969572356285,-9.970106387220369,-9.6151431592159113	0.9613325183778646,2.7508515444806436,-9.9686930363673589,1.6868951192371946,-9.9524148594273907,-1.633109971675974,6.0907945618174208,-9.9508960330893643,1.6302147071210196,-2.8385960114760751,19.217367000121417,4.4399905612535591,-9.9153707271133484,-9.9766367391210728,-9.8892183471084074	-8	-7.5615732829903441
8	0	0	-7.5408644706486863,-6.8519658087578952,-13.095924419998536,-6.4293690248233402,-11.841302253980942,-13.506032031499437,-11.571541984958834,-11.800468536472364,-6.4435595822584402,-13.810214576196845,-8.2895066171949843	-6.6586761139545896,-6.9357267313253477,-6.465523265048267,-6.6728372597813941	0.9613325183778646,2.7508515444806436,-9.9686930363673589,1.6868951192371946,-9.9524148594273907,-1.633109971675974,6.0907945618174208,-9.9508960330893643,1.6302147071210196,-2.8385960114760751,19.217367000121417,4.4399905612535591,-9.9153707271133484,-9.9766367391210728,-9.8892183471084074	0.97147849373294781,3.4384705966110292,-9.9690071412138437,2.1084090932903594,-9.9538501722473818,-2.038826254876835,7.6137746194544489,-9.952497682369545,2.0375545743629262,-3.5378389578261888,24.022375232752978,5.5501065066263875,-9.9244483223207371,-9.9767414078469532,-9.9077873155861464	-8	-7.556151040620839
9	0	0	-7.5408644706486863,-6.8519658087578952,-13.095924419998536,-6.4293690248233402,-11.841302253980942,-13.506032031499437,-11.571541984958834,-11.800468536472364,-6.4435595822584402,-13.810214576196845,-8.2895066171949843	-6.5861937947600504,-6.9033961315963932,-6.4460051519505575,-6.6014111003843468	0.97147849373294781,3.4384705966110292,-9.9690071412138437,2.1084090932903594,-9.9538501722473818,-2.038826254876835,7.6137746194544489,-9.952497682369545,2.0375545743629262,-3.5378389578261888,24.022375232752978,5.5501065066263875,-9.9244483223207371,-9.9767414078469532,-9.9077873155861464	0.97898861887036093,4.1260403791936957,-9.9690138163315005,2.5298402865584109,-9.9538953375749717,-2.4426637229015533,9.1367499871144187,-9.9525495318302912,2.4448100235231469,-4.2269128294385414,28.827383465304816,6.6602063123152675,-9.9249100886412158,-9.9767430816881628,-9.908930137416867	-8	-7.5521242910011379
10	0	0	-7.5408644706486863,-6.8519658087578952,-13.095924419998536,-6.4293690248233402,-11.841302253980942,-13.506032031499437,-11.571541984958834,-11.800468536472364,-6.4435595822584402,-13.810214576196845,-8.2895066171949843	-6.5375072926876214,-6.8836824483652137,-6.4370520668733038,-6.5532186193292929	0.97898861887036093,4.1260403791936957,-9.9690138163315005,2.5298402865584109,-9.9538953375749717,-2.4426637229015533,9.1367499871144187,-9.9525495318302912,2.4448100235231469,-4.2269128294385414,28.827383465304816,6.6602063123152675,-9.9249100886412158,-9.9767430816881628,-9.908930137416867	0.98452076045669557,4.813579572278714,-9.9690139581705974,2.9512096796795197,-9.9538967580968443,-2.8440291815167349,10.659723722819175,-9.9525512093986386,2.8520018285551862,-4.899924325028933,33.632391697853798,7.7702986411968249,-9.9249335045055229,-9.9767431084549241,-9.9090000220858041	-8	-7.5491508835031986
11	0	0	-7.5408644706486863,-6.8519658087578952,-13.095924419998536,-6.4293690248233402,-11.841302253980942,-13.506032031499437,-11.571541984958834,-11.800468536472364,-6.4435595822584402,-13.810214576196845,-8.2895066171949843	-6.5045345664247982,-6.8715768464541149,-6.4329232183449196,-6.520407407974842	0.98452076045669557,4.813579572278714,-9.9690139581705974,2.9512096796795197,-9.9538967580968443,-2.8440291815167349,10.659723722819175,-9.9525512093986386,2.8520018285551862,-4.899924325028933,33.632391697853798,7.7702986411968249,-9.9249335045055229,-9.9767431084549241,-9.9090000220858041	0.9885813225083413,5.5010997727123332,-9.969013961184519,3.3725329317496193,-9.9538968027738335,-3.2421534733392501,12.182696890656402,-9.9525512636747102,3.2591456469527267,-5.5481479295803418,38.437399930402684,8.8803875063601669,-9.9249346917189669,-9.9767431088829568,-9.9090042939153609	-8	-7.5469645120081497
12	0	0	-7.5408644706486863,-6.8519658087578952,-13.095924419998536,-6.4293690248233402,-11.841302253980942,-13.506032031499437,-11.571541984958834,-11.800468536472364,-6.4435595822584402,-13.810214576196845,-8.2895066171949843	-6.4820194391430705,-6.8641112907558277,-6.4310144715116451,-6.4978659765007887	0.9885813225083413,5.5010997727123332,-9.969013961184519,3.3725329317496193,-9.9538968027738335,-3.2421534733392501,12.182696890656402,-9.9525512636747102,3.2591456469527267,-5.5481479295803418,38.437399930402684,8.8803875063601669,-9.9249346917189669,-9.9767431088829568,-9.9090042939153609	0.99155393568560635,6.1886081805085347,-9.969013961248562,3.7938217318675989,-9.9538968041789726,-3.636047494710362,13.705669860893927,-9.952551265430758,3.6662532817552873,-6.1594542429541006,43.242408162951563,9.990474766906738,-9.9249347519116782,-9.9767431088898011,-9.9090045550325367	-8	-7.5453618330619401
13	0	0	-7.5408644706486863,-6.8519658087578952,-13.095924419998536,-6.4293690248233402,-11.841302253980942,-13.506032031499437,-11.571541984958834,-11.800468536472364,-6.4435595822584402,-13.810214576196845,-8.2895066171949843	-6.4665193963653094,-6.8594952040985451,-6.4301310710310275,-6.4822410396567323	0.99155393568560635,6.1886081805085347,-9.969013961248562,3.7938217318675989,-9.9538968041789726,-3.636047494710362,13.705669860893927,-9.952551265430758,3.6662532817552873,-6.1594542429541006,43.242408162951563,9.990474766906738,-9.9249347519116782,-9.9767431088898011,-9.9090045550325367	0.99372591327888726,6.8761092660673411,-9.9690139612499227,4.2150848066306565,-9.9538968042231666,-4.0244530943852643,15.228642762373065,-9.952551265487573,4.0733336314699784,-6.7185790634388818,48.047416395500449,11.100561284089835,-9.9249347549634983,-9.9767431088899112,-9.9090045709933978	-8	-7.5441896886087658
14	0	1	-8.1011649171355735,-12.633325522282554,-6.7632164863579307,-14.075627704813369,-10.993305347425991,-6.4435361057656726,-11.571541984958834,-12.537434130638569,-12.504855761527313,-6.7477186504630806,-8.2895066171949843	-13.381011710782939,-12.384235286141799,-14.035536029323321,-12.282474221127412	0.99372591327888726,6.8761092660673411,-9.9690139612499227,4.2150848066306565,-9.9538968042231666,-4.0244530943852643,15.228642762373065,-9.952551265487573,4.0733336314699784,-6.7185790634388818,48.047416395500449,11.100561284089835,-9.9249347549634983,-9.9767431088899112,-9.9090045709933978	0.99315773296403564,2.3428168433362941,-8.1599295475211342,2.7715793908427218,-7.9245474091897021,-3.6879099738353247,10.418908722648558,-8.9272900563485269,4.2004704554445524,-6.5645654651886023,46.519716694408729,5.1247293077477432,-9.8087414646896463,-7.9285406608343063,-9.8677495235848998	-8	-8.1005075661561499
15	0	1	-8.1011649171355735,-12.633325522282554,-6.7632164863579307,-14.075627704813369,-10.993305347425991,-6.4435361057656726,-11.571541984958834,-12.537434130638569,-12.504855761527313,-6.7477186504630806,-8.2895066171949843	-10.331523709569266,-10.210055372694697,-12.603916747747352,-10.191161702782839	0.99315773296403564,2.3428168433362941,-8.1599295475211342,2.7715793908427218,-7.9245474091897021,-3.6879099738353247,10.418908722648558,-8.9272900563485269,4.2004704554445524,-6.5645654651886023,46.519716694408729,5.1247293077477432,-9.8087414646896463,-7.9285406608343063,-9.8677495235848998	0.99254945532126815,-2.1843354651798816,-6.6720546327874191,1.3284287663049426,-6.1799904513106556,-3.3551496325075632,5.6092025167430029,-8.3014519707850933,4.3276008153008734,-6.4241179782733546,44.992016993317009,-0.84860376245507652,-9.7937958848631297,-6.1673348851606233,-9.8640883586785471	-8	-8.1004480513415729
16	0	1	-8.1011649171355735,-12.633325522282554,-6.7632164863579307,-14.075627704813369,-10.993305347425991,-6.4435361057656726,-11.571541984958834,-12.537434130638569,-12.504855761527313,-6.7477186504630806,-8.2895066171949843	-8.1011649171355735,-8.1011649171355735,-8.1011649171355735,-8.1011649171355735	0.99254945532126815,-2.1843354651798816,-6.6720546327874191,1.3284287663049426,-6.1799904513106556,-3.3551496325075632,5.6092025167430029,-8.3014519707850933,4.3276008153008734,-6.4241179782733546,44.992016993317009,-0.84860376245507652,-9.7937958848631297,-6.1673348851606233,-9.8640883586785471	0.99189830624254993,-6.5767350767409312,-5.2797202000274499,-0.11375770982995077,-4.5089403314936067,-3.0253620281992153,0.80027670977602761,-7.8412044059307799,4.4547252565701951,-6.2949370930373627,43.464317292225289,-6.6730319379934047,-9.791796396666399,-4.4793421814825605,-9.8637588196713057	-8	-8.1003843391992465
17	-1	1	-8,-8,-8,-8,-8,-8,-8,-8,-8,-8,-8	-8,-8,-8,-8	0.875,0,0,0,0,0,0,0,0,0,0,0,0,0,0	0.875,0,0,0,0,0,0,0,0,0,0,0,0,0,0	-8	-8
18	1	1	-8.1011649171355735,-12.633325522282554,-6.7632164863579307,-14.075627704813369,-10.993305347425991,-6.4435361057656726,-11.571541984958834,-12.537434130638569,-12.504855761527313,-6.7477186504630806,-8.2895066171949843	-8.7578665480874367,-8.7518975271807928,-9.1855399160950668,-8.7510455093340926	0.90583471192028808,0.6883636486022886,-5.4916441717555431,0.42223899699812523,-4.9466314495241885,-0.4096444667276794,1.5234630275176635,-4.9070107140702586,0.40805883227697615,-0.71338780198083984,4.8050586307910681,1.110738415685796,-4.274323431292177,-5.8810590522852424,-4.0092201798703329	0.89965670863986402,-3.8250986123672752,-4.1302204633980173,-1.0186155705248185,-3.2941342341390891,-0.089873436329273665,-3.2725922209410738,-4.7734719525073919,0.536090967139355,-0.69701372373081882,3.2775042309551132,-4.8246467508285704,-6.9783016485840976,-4.1987336629019394,-7.2490035027881721	-8	-8.0913303445547751
19	0	1	-8.1011649171355735,-12.633325522282554,-6.7632164863579307,-14.075627704813369,-10.993305347425991,-6.4435361057656726,-11.571541984958834,-12.537434130638569,-12.504855761527313,-6.7477186504630806,-8.2895066171949843	-8.1011649171355735,-8.1011649171355735,-8.1011649171355735,-8.1011649171355735	0.99189830624254993,-6.5767350767409312,-5.2797202000274499,-0.11375770982995077,-4.5089403314936067,-3.0253620281992153,0.80027670977602761,-7.8412044059307799,4.4547252565701951,-6.2949370930373627,43.464317292225289,-6.6730319379934047,-9.791796396666399,-4.4793421814825605,-9.8637588196713057	0.99120132787766524,-9.4508769485629358,-3.9216709249100927,-1.5533285488235582,-2.8600641375695313,-2.697920376952943,-3.9869445621816899,-7.4720171357193603,4.5818442786997862,-6.1752621375151895,41.936617591133569,-9.7865704358751167,-9.7915275330017622,-2.8131866824825886,-9.8637291207385758	-8	-8.1003161397401815
20	0	1	-8.1011649171355735,-12.633325522282554,-6.7632164863579307,-14.075627704813369,-10.993305347425991,-6.4435361057656726,-11.571541984958834,-12.537434130638569,-12.504855761527313,-6.7477186504630806,-8.2895066171949843	-8.1011649171355735,-8.1011649171355735,-8.1011649171355735,-8.1011649171355735	0.99120132787766524,-9.4508769485629358,-3.9216709249100927,-1.5533285488235582,-2.8600641375695313,-2.697920376952943,-3.9869445621816899,-7.4720171357193603,4.5818442786997862,-6.1752621375151895,41.936617591133569,-9.7865704358751167,-9.7915275330017622,-2.8131866824825886,-9.8637291207385758	0.9904553676720157,-9.911617627649056,-2.5767024545093196,-2.985835966248052,-1.2181720154813758,-2.3723361680899751,-8.2763583225395134,-7.1604410316836615,4.7089583389530931,-6.0637150544434668,40.408917890041849,-9.973664805015364,-9.7914913553097662,-1.1538292165635158,-9.8637264438884689	-8	-8.1002431438272033
21	0	1	-8.1011649171355735,-12.633325522282554,-6.7632164863579307,-14.075627704813369,-10.993305347425991,-6.4435361057656726,-11.571541984958834,-12.537434130638569,-12.504855761527313,-6.7477186504630806,-8.2895066171949843	-8.1011649171355735,-8.1011649171355735,-8.1011649171355735,-8.1011649171355735	0.9904553676720157,-9.911617627649056,-2.5767024545093196,-2.985835966248052,-1.2181720154813758,-2.3723361680899751,-8.2763583225395134,-7.1604410316836615,4.7089583389530931,-6.0637150544434668,40.408917890041849,-9.973664805015364,-9.7914913553097662,-1.1538292165635158,-9.8637264438884689	0.98965706693207267,-9.9352474331912095,-1.2368392912266142,-4.3995027852146595,0.42149091815906076,-2.0482264618814292,-9.8393911139598931,-6.8885547125884425,4.8360678559786621,-5.9591969882297278,38.881218188950129,-9.9768423145211731,-9.7914864868752272,0.5033842627831413,-9.8637262026138171	-8	-8.1001650220414536
22	1	1	-8.1011649171355735,-12.633325522282554,-6.7632164863579307,-14.075627704813369,-10.993305347425991,-6.4435361057656726,-11.571541984958834,-12.537434130638569,-12.504855761527313,-6.7477186504630806,-8.2895066171949843	-8.1011649171355735,-8.1011649171355735,-8.1011649171355735,-8.1011649171355735	0.89965670863986402,-3.8250986123672752,-4.1302204633980173,-1.0186155705248185,-3.2941342341390891,-0.089873436329273665,-3.2725922209410738,-4.7734719525073919,0.536090967139355,-0.69701372373081882,3.2775042309551132,-4.8246467508285704,-6.9783016485840976,-4.1987336629019394,-7.2490035027881721	0.8931289670429079,-7.9575183364945525,-2.7839453852619842,-2.4545837232150598,-1.651091936753518,0.22959947007398815,-7.7435536039889925,-4.6433438186764873,0.66404058874323102,-0.68066542178268186,1.7502233888968031,-9.345433803959839,-8.9345034342229344,-2.5343294883857057,-9.3158410271611558	-8	-8.0906874546486076
23	0	1	-8.1011649171355735,-12.633325522282554,-6.7632164863579307,-14.075627704813369,-10.993305347425991,-6.4435361057656726,-11.571541984958834,-12.537434130638569,-12.504855761527313,-6.7477186504630806,-8.2895066171949843	-8.1011649171355735,-8.1011649171355735,-7.3920966232096816,-8.1011649171355735	0.98965706693207267,-9.9352474331912095,-1.2368392912266142,-4.3995027852146595,0.42149091815906076,-2.0482264618814292,-9.8393911139598931,-6.8885547125884425,4.8360678559786621,-5.9591969882297278,38.881218188950129,-9.9768423145211731,-9.7914864868752272,0.5033842627831413,-9.8637262026138171	0.98880284892743464,-9.9362764818479938,0.10101377757408887,-5.7645174797071501,2.0604393318912679,-1.7252896955450876,-9.9436188081071659,-6.645629847487208,4.9631732130761392,-5.8608176094869258,37.353518487858409,-9.9768928569358319,-9.7914858317215856,2.1599188022431988,-9.8637261808667969	-8	-8.1000814235015071
24	0	1	-8.1011649171355735,-12.633325522282554,-6.7632164863579307,-14.075627704813369,-10.993305347425991,-6.4435361057656726,-11.571541984958834,-12.537434130638569,-12.504855761527313,-6.7477186504630806,-8.2895066171949843	-7.9593118533231708,-7.9593118533231708,-6.682835105183548,-8.1131544050909845	0.98880284892743464,-9.9362764818479938,0.10101377757408887,-5.7645174797071501,2.0604393318912679,-1.7252896955450876,-9.9436188081071659,-6.645629847487208,4.9631732130761392,-5.8608176094869258,37.353518487858409,-9.9768928569358319,-9.7914858317215856,2.1599188022431988,-9.8637261808667969	0.98788890654454387,-9.9363209303251718,1.4380726937714443,-7.0136269041472312,3.6991584123947976,-1.4032875202913584,-9.9474777796954932,-6.424732537662579,5.0902747611852259,-5.7678454777235224,35.825818786766703,-9.9768936599937792,-9.791485743556283,3.8162380635101618,-9.8637261789066546	-8	-8.0999919746362679
25	0	1	-8.1011649171355735,-12.633325522282554,-6.7632164863579307,-14.075627704813369,-10.993305347425991,-6.4435361057656726,-11.571541984958834,-12.537434130638569,-12.504855761527313,-6.7477186504630806,-8.2895066171949843	-7.1273529387777721,-7.1273529387777721,-6.5152440336072326,-8.2171035839775257	0.98788890654454387,-9.9363209303251718,1.4380726937714443,-7.0136269041472312,3.6991584123947976,-1.4032875202913584,-9.9474777796954932,-6.424732537662579,5.0902747611852259,-5.7678454777235224,35.825818786766703,-9.9768936599937792,-9.791485743556283,3.8162380635101618,-9.8637261789066546	0.98691118951433487,-9.9363228495385201,2.7748174286679332,-8.0316090220897713,5.3378038539971895,-1.0820309995179218,-9.9476155636848809,-6.2211215548385335,5.2173728216212076,-5.6796723476220548,34.29811908567504,-9.9768936727531763,-9.7914857316917043,5.4724890365203152,-9.8637261787299781	-8	-8.0998962779135582
26	0	1	-8.1011649171355735,-12.633325522282554,-6.7632164863579307,-14.075627704813369,-10.993305347425991,-6.4435361057656726,-11.571541984958834,-12.537434130638569,-12.504855761527313,-6.7477186504630806,-8.2895066171949843	-6.8966088428341727,-6.8966088428341727,-6.4659026914253905,-8.2604053249583274	0.98691118951433487,-9.9363228495385201,2.7748174286679332,-8.0316090220897713,5.3378038539971895,-1.0820309995179218,-9.9476155636848809,-6.2211215548385335,5.2173728216212076,-5.6796723476220548,34.29811908567504,-9.9768936727531763,-9.7914857316917043,5.4724890365203152,-9.8637261787299781	0.98586539124448103,-9.9363229324057727,4.1114378010404469,-8.7139387742001091,6.9764256468676811,-0.76137001526743975,-9.947620476672915,-6.0314116971928309,5.3444676885786686,-5.59578696762612,32.770419384583505,-9.9768936729559048,-9.7914857300950651,7.1287183450522509,-9.8637261787140549	-8	-8.0997939105270689
27	0	1	-8.1011649171355735,-12.633325522282554,-6.7632164863579307,-14.075627704813369,-10.993305347425991,-6.4435361057656726,-11.571541984958834,-12.537434130638569,-12.504855761527313,-6.7477186504630806,-8.2895066171949843	-6.8145677899146282,-6.8145677899146282,-6.4505948076603223,-8.2779137480078475	0.98586539124448103,-9.9363229324057727,4.1114378010404469,-8.7139387742001091,6.9764256468676811,-0.76137001526743975,-9.947620476672915,-6.0314116971928309,5.3444676885786686,-5.59578696762612,32.770419384583505,-9.9768936729559048,-9.7914857300950651,7.1287183450522509,-9.8637261787140549	0.98474693529661783,-9.9363229359837906,5.4480089364952482,-9.0766729260259797,8.6150398447384511,-0.44118506978997563,-9.9476206518478421,-5.8531016904707265,5.4715596314231201,-5.5157554939741527,31.242719683492332,-9.9768936729591253,-9.7914857298802023,8.7849407802371005,-9.8637261787126196	-8	-8.0996844230452361
28	0	2	-8.5290680431848394,-8.4274212237346759,-8.7036069972197758,-14.075627704813369,-6.5121786576893754,-12.76906643733323,-6.4982930029281958,-6.4713449401807983,-14.089818262248469,-8.7369655941662057,-7.5525410230287786	-8.6993630021147528,-8.6993630021147528,-12.71169022644945,-7.5688867960594362	0.98474693529661783,-9.9363229359837906,5.4480089364952482,-9.0766729260259797,8.6150398447384511,-0.44118506978997563,-9.9476206518478421,-5.8531016904707265,5.4715596314231201,-5.5157554939741527,31.242719683492332,-9.9768936729591253,-9.7914857298802023,8.7849407802371005,-9.8637261787126196	0.97803688248746257,-8.9157161681067745,5.2720968725504447,-9.9465013822585036,10.528873794132705,-4.4763472382696978,-7.4695315751850195,-3.8775767597779347,-0.19063816823590299,-5.4859590540341969,32.392376087428907,-9.969000771929716,-7.4961805128620025,4.5435932281973441,-7.5440739239385772	-8	-8.5193524566959464
29	0	2	-8.5290680431848394,-8.4274212237346759,-8.7036069972197758,-14.075627704813369,-6.5121786576893754,-12.76906643733323,-6.4982930029281958,-6.4713449401807983,-14.089818262248469,-8.7369655941662057,-7.5525410230287786	-8.6988135611462098,-8.6988135611462098,-11.947476839655138,-7.5710201188877022	0.97803688248746257,-8.9157161681067745,5.2720968725504447,-9.9465013822585036,10.528873794132705,-4.4763472382696978,-7.4695315751850195,-3.8775767597779347,-0.19063816823590299,-5.4859590540341969,32.392376087428907,-9.969000771929716,-7.4961805128620025,4.5435932281973441,-7.5440739239385772	0.96852126009100981,-8.2894395957105207,5.0961895366557073,-9.9704794482834167,12.442707042996778,-8.0950506984110433,-5.2124220197920943,-1.9175776144652863,-5.7751493304563439,-5.457453892539375,33.542032491365347,-9.9688325360115577,-5.4191222907046139,0.30332744714844645,-5.4516928749074465	-8	-8.5150990592139362
30	0	2	-8.5290680431848394,-8.4274212237346759,-8.7036069972197758,-14.075627704813369,-6.5121786576893754,-12.76906643733323,-6.4982930029281958,-6.4713449401807983,-14.089818262248469,-8.7369655941662057,-7.5525410230287786	-8.6981931388949416,-8.6981931388949416,-8.814640321391586,-7.5734338194663744	0.96852126009100981,-8.2894395957105207,5.0961895366557073,-9.9704794482834167,12.442707042996778,-8.0950506984110433,-5.2124220197920943,-1.9175776144652863,-5.7751493304563439,-5.457453892539375,33.542032491365347,-9.9688325360115577,-5.4191222907046139,0.30332744714844645,-5.4516928749074465	0.95512268065495076,-7.8273966088945812,4.9202875417656697,-9.9709611706573487,14.356540105949682,-9.7090345671812059,-2.9972241186810145,0.038461569456553539,-9.5470523645562206,-5.4301603884489937,34.691688895301716,-9.9688289402763228,-3.3888091505027957,-3.9166454598393514,-3.4073017215454642	-8	-8.5090886751895614
31	0	2	-8.5290680431848394,-8.4274212237346759,-8.7036069972197758,-14.075627704813369,-6.5121786576893754,-12.76906643733323,-6.4982930029281958,-6.4713449401807983,-14.089818262248469,-8.7369655941662057,-7.5525410230287786	-8.697492606991247,-8.697492606991247,-8.5290680431848394,-7.5761652942307807	0.95512268065495076,-7.8273966088945812,4.9202875417656697,-9.9709611706573487,14.356540105949682,-9.7090345671812059,-2.9972241186810145,0.038461569456553539,-9.5470523645562206,-5.4301603884489937,34.691688895301716,-9.9688289402763228,-3.3888091505027957,-3.9166454598393514,-3.4073017215454642	0.93644443412440082,-7.455826847049253,4.7443915802548906,-9.9709707683508224,16.270373119564272,-9.8983461038726439,-0.79088008491325457,1.9934821414917656,-9.9615628243217671,-5.404005744246839,35.841345299238064,-9.9688288634195761,-1.3696839862820565,-7.8030990201757611,-1.3742792581352787	-8	-8.5006679136175656
32	0	2	-8.5290680431848394,-8.4274212237346759,-8.7036069972197758,-14.075627704813369,-6.5121786576893754,-12.76906643733323,-6.4982930029281958,-6.4713449401807983,-14.089818262248469,-8.7369655941662057,-7.5525410230287786	-8.6967016745600372,-8.6967016745600372,-8.5290680431848394,-7.5792570816070874	0.93644443412440082,-7.455826847049253,4.7443915802548906,-9.9709707683508224,16.270373119564272,-9.8983461038726439,-0.79088008491325457,1.9934821414917656,-9.9615628243217671,-5.404005744246839,35.841345299238064,-9.9688288634195761,-1.3696839862820565,-7.8030990201757611,-1.3742792581352787	0.91076595565035068,-7.141541222930198,4.5685024341958336,-9.9709709595405052,18.18420612008514,-9.9104676069982247,1.4135533105960973,3.9482401293222549,-9.9710660760926348,-5.3789232297478815,36.991001703174398,-9.9688288617768048,0.64669602099651913,-9.6868641365290546,0.65598062744095853	-8	-8.489010396239669
33	0	2	-8.5290680431848394,-8.4274212237346759,-8.7036069972197758,-14.075627704813369,-6.5121786576893754,-12.76906643733323,-6.4982930029281958,-6.4713449401807983,-14.089818262248469,-8.7369655941662057,-7.5525410230287786	-7.040812434611631,-8.6958087433120674,-7.1314910557306934,-7.5827576125923892	0.91076595565035068,-7.141541222930198,4.5685024341958336,-9.9709709595405052,18.18420612008514,-9.9104676069982247,1.4135533105960973,3.9482401293222549,-9.9710660760926348,-5.3789232297478815,36.991001703174398,-9.9688288617768048,0.64669602099651913,-9.6868641365290546,0.65598062744095853	0.87613100518298859,-6.8667308106738973,4.392620986963534,-9.9709709633490622,20.098039117131108,-9.9111941176880549,3.6175725219801005,5.9029303887232452,-9.9712541619031256,-5.3548515278807542,38.140658107110731,-9.9688288617416916,2.6623983958223407,-9.9082176959642396,2.685565111450932	-8	-8.4731361067504878
34	0	2	-8.5290680431848394,-8.4274212237346759,-8.7036069972197758,-14.075627704813369,-6.5121786576893754,-12.76906643733323,-6.4982930029281958,-6.4713449401807983,-14.089818262248469,-8.7369655941662057,-7.5525410230287786	-6.6450561242774064,-8.694800745434387,-6.6007302009769724,-7.5867220832514048	0.87613100518298859,-6.8667308106738973,4.392620986963534,-9.9709709633490622,20.098039117131108,-9.9111941176880549,3.6175725219801005,5.9029303887232452,-9.9712541619031256,-5.3548515278807542,38.140658107110731,-9.9688288617416916,2.6623983958223407,-9.9082176959642396,2.685565111450932	0.83059887167920021,-6.6207239890282068,4.2167482363372581,-9.9709709634249304,22.011872113254888,-9.9112374795907208,5.8215018593396648,7.857603176392514,-9.9712578722048022,-5.3317341663753286,39.290314511047058,-9.968828861740942,4.677933251850793,-9.920921950929996,4.7149842266660746	-8	-8.4519979575508408
35	0	2	-8.5290680431848394,-8.4274212237346759,-8.7036069972197758,-14.075627704813369,-6.5121786576893754,-12.76906643733323,-6.4982930029281958,-6.4713449401807983,-14.089818262248469,-8.7369655941662057,-7.5525410230287786	-6.5779594904918959,-8.6936629624770756,-6.5266773739872548,-7.5912134723891596	0.83059887167920021,-6.6207239890282068,4.2167482363372581,-9.9709709634249304,22.011872113254888,-9.9112374795907208,5.8215018593396648,7.857603176392514,-9.9712578722048022,-5.3317341663753286,39.290314511047058,-9.968828861740942,4.677933251850793,-9.920921950929996,4.7149842266660746	0.77271836538099592,-6.3966186926822592,4.040885309291057,-9.9709709634264421,23.925705109133929,-9.9112400670033018,8.02541169074237,9.8122714567559015,-9.9712579453918302,-5.3095190221639896,40.439970914983377,-9.968828861740926,6.6934266801098365,-9.9215967482161389,6.7443628374450206	-8	-8.4246721360526227
36	0	2	-8.5290680431848394,-8.4274212237346759,-8.7036069972197758,-14.075627704813369,-6.5121786576893754,-12.76906643733323,-6.4982930029281958,-6.4713449401807983,-14.089818262248469,-8.7369655941662057,-7.5525410230287786	-6.5703343598637769,-8.6923788233125325,-6.5102926900367724,-7.5963037330546328	0.77271836538099592,-6.3966186926822592,4.040885309291057,-9.9709709634264421,23.925705109133929,-9.9112400670033018,8.02541169074237,9.8122714567559015,-9.9712579453918302,-5.3095190221639896,40.439970914983377,-9.968828861740926,6.6934266801098365,-9.9215967482161389,6.7443628374450206	0.70220296237342061,-6.1896930673159725,3.8650334786893938,-9.9709709634264723,25.839538104948019,-9.9112402213923687,10.229317288442298,11.766938574326655,-9.9712579468354683,-5.288157887609545,41.589627318919696,-9.968828861740926,8.7089098622643775,-9.9216324335076145,8.7737315264301436	-8	-8.3906663622994433
37	0	2	-8.5290680431848394,-8.4274212237346759,-8.7036069972197758,-14.075627704813369,-6.5121786576893754,-12.76906643733323,-6.4982930029281958,-6.4713449401807983,-14.089818262248469,-8.7369655941662057,-7.5525410230287786	-6.5760063253105407,-8.6909296791358059,-6.5063356733962978,-7.6020751934344215	0.70220296237342061,-6.1896930673159725,3.8650334786893938,-9.9709709634264723,25.839538104948019,-9.9112402213923687,10.229317288442298,11.766938574326655,-9.9712579468354683,-5.288157887609545,41.589627318919696,-9.968828861740926,8.7089098622643775,-9.9216324335076145,8.7737315264301436	0.6206114406559633,-5.9965744919985475,3.6891941821312573,-9.9709709634264723,27.753371100744875,-9.9112402306046459,12.433221967221975,13.721605391919974,-9.9712579468639451,-5.2676060895282877,42.739283722856015,-9.968828861740926,10.724390510249107,-9.9216343202121013,10.803097784962119	-8	-8.3502920722572167
38	0	2	-8.5290680431848394,-8.4274212237346759,-8.7036069972197758,-14.075627704813369,-6.5121786576893754,-12.76906643733323,-6.4982930029281958,-6.4713449401807983,-14.089818262248469,-8.7369655941662057,-7.5525410230287786	-6.585541134806876,-8.6892945533887023,-6.5053425811360235,-7.6086222116062192	0.6206114406559633,-5.9965744919985475,3.6891941821312573,-9.9709709634264723,27.753371100744875,-9.9112402306046459,12.433221967221975,13.721605391919974,-9.9712579468639451,-5.2676060895282877,42.739283722856015,-9.968828861740926,10.724390510249107,-9.9216343202121013,10.803097784962119	0.53165015648169378,-5.814770321516078,3.5133690432167417,-9.9709709634264723,29.667204096537155,-9.9112402311543342,14.637126446550653,15.676272132125014,-9.9712579468645064,-5.2478221534793272,43.888940126792335,-9.968828861740926,12.73987053145396,-9.9216344199621602,12.832463448124537	-8	-8.3049439073488447
39	0	2	-8.5290680431848394,-8.4274212237346759,-8.7036069972197758,-14.075627704813369,-6.5121786576893754,-12.76906643733323,-6.4982930029281958,-6.4713449401807983,-14.089818262248469,-8.7369655941662057,-7.5525410230287786	-6.5970610263558722,-8.6874498644379923,-6.505073374020367,-7.6160531402255796	0.53165015648169378,-5.814770321516078,3.5133690432167417,-9.9709709634264723,29.667204096537155,-9.9112402311543342,14.637126446550653,15.676272132125014,-9.9712579468645064,-5.2478221534793272,43.888940126792335,-9.968828861740926,12.73987053145396,-9.9216344199621602,12.832463448124537	0.44072271881850617,-5.6423864430250825,3.3375598955443189,-9.9709709634264723,31.58103709232822,-9.9112402311871346,16.841030882588608,17.6309388523654,-9.9712579468645171,-5.2287675070149291,45.038596530728654,-9.968828861740926,14.75535039763623,-9.9216344252359416,14.861828965443626	-8	-8.2570717905262399
40	0	2	-8.5290680431848394,-8.4274212237346759,-8.7036069972197758,-14.075627704813369,-6.5121786576893754,-12.76906643733323,-6.4982930029281958,-6.4713449401807983,-14.089818262248469,-8.7369655941662057,-7.5525410230287786	-6.6103306528491874,-8.6853691188334921,-6.5049819922604932,-7.6244926724743092	0.44072271881850617,-5.6423864430250825,3.3375598955443189,-9.9709709634264723,31.58103709232822,-9.9112402311871346,16.841030882588608,17.6309388523654,-9.9712579468645171,-5.2287675070149291,45.038596530728654,-9.968828861740926,14.75535039763623,-9.9216344252359416,14.861828965443626	0.35372125053659914,-5.477950089402742,3.1617688097853458,-9.9709709634264723,33.494870088118958,-9.9112402311890921,19.044935309230336,19.585605567455293,-9.9712579468645188,-5.2104062165880141,46.188252934664973,-9.968828861740926,16.770830225476473,-9.9216344255147675,16.891194447036533	-8	-8.2097298735056583
41	0	2	-8.5290680431848394,-8.4274212237346759,-8.7036069972197758,-14.075627704813369,-6.5121786576893754,-12.76906643733323,-6.4982930029281958,-6.4713449401807983,-14.089818262248469,-8.7369655941662057,-7.5525410230287786	-6.6254983843298998,-8.683022573033945,-6.5049343628898892,-7.6340846608523929	0.35372125053659914,-5.477950089402742,3.1617688097853458,-9.9709709634264723,33.494870088118958,-9.9112402311890921,19.044935309230336,19.585605567455293,-9.9712579468645188,-5.2104062165880141,46.188252934664973,-9.968828861740926,16.770830225476473,-9.9216344255147675,16.891194447036533	0.27557733267345552,-5.3202937434515025,2.9859981242252354,-9.9709709634264723,35.408703083909614,-9.9112402311892076,21.248839733832618,21.54027228121646,-9.9712579468645188,-5.1927047536366766,47.337909338601293,-9.968828861740926,18.78631004383351,-9.9216344255295077,18.920559919877849	-8	-8.1658415801231641
42	0	0	-7.5408644706486863,-6.8519658087578952,-13.095924419998536,-6.4293690248233402,-11.841302253980942,-13.506032031499437,-11.571541984958834,-11.800468536472364,-6.4435595822584402,-13.810214576196845,-8.2895066171949843	-10.017351709631422,-10.328690213044931,-11.693861247870055,-8.170674402170631	0.27557733267345552,-5.3202937434515025,2.9859981242252354,-9.9709709634264723,35.408703083909614,-9.9112402311892076,21.248839733832618,21.54027228121646,-9.9712579468645188,-5.1927047536366766,47.337909338601293,-9.968828861740926,18.78631004383351,-9.9216344255295077,18.920559919877849	0.34390130643913502,-4.5982680895666395,-2.5621267674275705,-8.7574005228529703,30.417957068432877,-9.1523716203946908,22.771812598814378,16.590359997525685,-8.7657419684819544,-5.8261716028477766,52.142917571150178,-8.3193465217668283,14.484462751710016,-9.9758450863010975,14.888472881764304	-8	-7.8582222841192086
43	0	0	-7.5408644706486863,-6.8519658087578952,-13.095924419998536,-6.4293690248233402,-11.841302253980942,-13.506032031499437,-11.571541984958834,-11.800468536472364,-6.4435595822584402,-13.810214576196845,-8.2895066171949843	-7.5408644706486863,-7.5408644706486863,-11.681086185661577,-7.5408644706486863	0.34390130643913502,-4.5982680895666395,-2.5621267674275705,-8.7574005228529703,30.417957068432877,-9.1523716203946908,22.771812598814378,16.590359997525685,-8.7657419684819544,-5.8261716028477766,52.142917571150178,-8.3193465217668283,14.484462751710016,-9.9758450863010975,14.888472881764304	0.41924391300466779,-3.8897428476991798,-7.772156164783997,-7.9404817929113038,25.427211052986383,-8.76552779860085,24.294785463667864,11.640448140873479,-7.9575762845952083,-6.4162318232659494,56.947925803699064,-7.014528126937404,10.182616610399714,-9.976728744023756,10.856386557134925	-8	-7.8251258171961524
44	0	0	-7.5408644706486863,-6.8519658087578952,-13.095924419998536,-6.4293690248233402,-11.841302253980942,-13.506032031499437,-11.571541984958834,-11.800468536472364,-6.4435595822584402,-13.810214576196845,-8.2895066171949843	-7.5408644706486863,-7.5408644706486863,-11.661715129443552,-7.5408644706486863	0.41924391300466779,-3.8897428476991798,-7.772156164783997,-7.9404817929113038,25.427211052986383,-8.76552779860085,24.294785463667864,11.640448140873479,-7.9575762845952083,-6.4162318232659494,56.947925803699064,-7.014528126937404,10.182616610399714,-9.976728744023756,10.856386557134925	0.49846071450208029,-3.1893444018805113,-9.863104064814106,-7.2815390233650756,20.43646503850152,-8.5306215483591963,25.817758328476714,6.690549483098537,-7.3080268079944117,-6.9467373974053244,61.75293403624795,-5.8224286186506218,5.8807931670034694,-9.9767428791772037,6.8243119049384955	-8	-7.7894887291811585
45	0	0	-7.5408644706486863,-6.8519658087578952,-13.095924419998536,-6.4293690248233402,-11.841302253980942,-13.506032031499437,-11.571541984958834,-11.800468536472364,-6.4435595822584402,-13.810214576196845,-8.2895066171949843	-7.5408644706486863,-7.5408644706486863,-11.526218743229508,-7.5408644706486863	0.49846071450208029,-3.1893444018805113,-9.863104064814106,-7.2815390233650756,20.43646503850152,-8.5306215483591963,25.817758328476714,6.690549483098537,-7.3080268079944117,-6.9467373974053244,61.75293403624795,-5.8224286186506218,5.8807931670034694,-9.9767428791772037,6.8243119049384955	0.57768627957558116,-2.4938972044079479,-9.9666807188661206,-6.705292281727111,15.445719054592004,-8.3762066346529771,27.340731193270031,1.7410587138109137,-6.7417724304416291,-7.4019967767370396,66.557942268796836,-4.6758732000691587,1.5794173262951203,-9.9767431052165279,2.7924281967688249	-8	-7.7529449049932433
46	0	0	-7.5408644706486863,-6.8519658087578952,-13.095924419998536,-6.4293690248233402,-11.841302253980942,-13.506032031499437,-11.571541984958834,-11.800468536472364,-6.4435595822584402,-13.810214576196845,-8.2895066171949843	-7.5408644706486863,-7.5408644706486863,-10.147792812316482,-7.5408644706486863	0.57768627957558116,-2.4938972044079479,-9.9666807188661206,-6.705292281727111,15.445719054592004,-8.3762066346529771,27.340731193270031,1.7410587138109137,-6.7417724304416291,-7.4019967767370396,66.557942268796836,-4.6758732000691587,1.5794173262951203,-9.9767431052165279,2.7924281967688249	0.65305348696699206,-1.8014886582894409,-9.9689643432072526,-6.1782883339847965,10.45497404283744,-8.2701083170741505,28.863704058057944,-3.195885304122263,-6.225316471387079,-7.7714484174720209,71.362950501345722,-3.5491996904594019,-2.7131614755505318,-9.9767431088311707,-1.23633574645442	-8	-7.7173000282556066
47	0	0	-7.5408644706486863,-6.8519658087578952,-13.095924419998536,-6.4293690248233402,-11.841302253980942,-13.506032031499437,-11.571541984958834,-11.800468536472364,-6.4435595822584402,-13.810214576196845,-8.2895066171949843	-7.5408644706486863,-7.5408644706486863,-7.5408644706486863,-7.5408644706486863	0.65305348696699206,-1.8014886582894409,-9.9689643432072526,-6.1782883339847965,10.45497404283744,-8.2701083170741505,28.863704058057944,-3.195885304122263,-6.225316471387079,-7.7714484174720209,71.362950501345722,-3.5491996904594019,-2.7131614755505318,-9.9767431088311707,-1.23633574645442	0.72141348511450287,-1.1109533325038141,-9.9690129069044655,-5.68284869045472,5.4642599407717602,-8.1951824656830414,30.386676922843975,-7.793507398607586,-5.7409336148797028,-8.0537422720995089,76.167958733894608,-2.4314934893397289,-6.8434084484833839,-9.9767431088889733,-5.2151163812287624	-8	-7.6841894336058676
48	0	0	-7.5408644706486863,-6.8519658087578952,-13.095924419998536,-6.4293690248233402,-11.841302253980942,-13.506032031499437,-11.571541984958834,-11.800468536472364,-6.4435595822584402,-13.810214576196845,-8.2895066171949843	-7.5408644706486863,-7.5408644706486863,-7.5408644706486863,-7.5408644706486863	0.72141348511450287,-1.1109533325038141,-9.9690129069044655,-5.68284869045472,5.4642599407717602,-8.1951824656830414,30.386676922843975,-7.793507398607586,-5.7409336148797028,-8.0537422720995089,76.167958733894608,-2.4314934893397289,-6.8434084484833839,-9.9767431088889733,-5.2151163812287624	0.78078901182089966,-0.4215759635521652,-9.9690139388462846,-5.2085997415051999,0.47452825701282347,-8.1413071612512429,31.909649787629352,-9.7992063426490859,-5.2782012491192747,-8.2573136506612048,80.972966966443494,-1.3178909690434788,-9.4618497337874743,-9.976743108889897,-8.575047824595007	-8	-7.654800655576711
49	0	0	-7.5408644706486863,-6.8519658087578952,-13.095924419998536,-6.4293690248233402,-11.841302253980942,-13.506032031499437,-11.571541984958834,-11.800468536472364,-6.4435595822584402,-13.810214576196845,-8.2895066171949843	-7.5408644706486863,-7.5408644706486863,-7.5408644706486863,-7.5408644706486863	0.78078901182089966,-0.4215759635521652,-9.9690139388462846,-5.2085997415051999,0.47452825701282347,-8.1413071612512429,31.909649787629352,-9.7992063426490859,-5.2782012491192747,-8.2573136506612048,80.972966966443494,-1.3178909690434788,-9.4618497337874743,-9.976743108889897,-8.575047824595007	0.83045115060920449,0.2670843803700213,-9.9690139607738981,-4.749020769330218,-4.4843329644153727,-8.1020869158587487,33.432622652414501,-9.9473261516313976,-4.8305490614343265,-8.3969904451718094,85.77797519899238,-0.20617885080382059,-9.8975123406168173,-9.976743108889913,-9.7807542788346762	-8	-7.6297513742087109
50	0	0	-7.5408644706486863,-6.8519658087578952,-13.095924419998536,-6.4293690248233402,-11.841302253980942,-13.506032031499437,-11.571541984958834,-11.800468536472364,-6.4435595822584402,-13.810214576196845,-8.2895066171949843	-7.3988581964948885,-7.3988581964948885,-7.5408644706486863,-7.3988581964948885	0.83045115060920449,0.2670843803700213,-9.9690139607738981,-4.749020769330218,-4.4843329644153727,-8.1020869158587487,33.432622652414501,-9.9473261516313976,-4.8305490614343265,-8.3969904451718094,85.77797519899238,-0.20617885080382059,-9.8975123406168173,-9.976743108889913,-9.7807542788346762	0.87069456272914314,0.95530026366855392,-9.9690139612398365,-4.2998142002421504,-8.7137961269555149,-8.0732864629181211,34.955595517199569,-9.9523819156122091,-4.3936307849087282,-8.4891779256123119,90.582983431541265,0.90465978756433818,-9.9235318010968943,-9.976743108889913,-9.9008294408016297	-8	-7.6091289037916532
51	0	0	-7.5408644706486863,-6.8519658087578952,-13.095924419998536,-6.4293690248233402,-11.841302253980942,-13.506032031499437,-11.571541984958834,-11.800468536472364,-6.4435595822584402,-13.810214576196845,-8.2895066171949843	-7.1663579601090701,-7.1663579601090701,-6.9172787533724058,-7.1663579601090701	0.87069456272914314,0.95530026366855392,-9.9690139612398365,-4.2998142002421504,-8.7137961269555149,-8.0732864629181211,34.955595517199569,-9.9523819156122091,-4.3936307849087282,-8.4891779256123119,90.582983431541265,0.90465978756433818,-9.9235318010968943,-9.976743108889913,-9.9008294408016297	0.90247719613436528,1.6432404604803694,-9.9690139612497362,-3.8580511738534917,-9.8933774398352554,-8.0520057773838456,36.478568381984616,-9.9525457860330953,-3.9644710093550084,-8.5483407368670825,95.387991664090151,2.0150942598048815,-9.9248635913770222,-9.976743108889913,-9.9085035333921461	-8	-7.5926311715740606
52	0	0	-7.5408644706486863,-6.8519658087578952,-13.095924419998536,-6.4293690248233402,-11.841302253980942,-13.506032031499437,-11.571541984958834,-11.800468536472364,-6.4435595822584402,-13.810214576196845,-8.2895066171949843	-7.0389290563450668,-7.0389290563450668,-6.6350966227985229,-7.0389290563450668	0.90247719613436528,1.6432404604803694,-9.9690139612497362,-3.8580511738534917,-9.8933774398352554,-8.0520057773838456,36.478568381984616,-9.9525457860330953,-3.9644710093550084,-8.5483407368670825,95.387991664090151,2.0150942598048815,-9.9248635913770222,-9.976743108889913,-9.9085035333921461	0.92707159436284048,2.3310095875100649,-9.9690139612499475,-3.4216869107233578,-9.9519542256198701,-8.0362104775232126,38.001541246769655,-9.9525510882068389,-3.5409814813581555,-8.5855912044300542,100.19299989663904,3.1253415999739245,-9.924931146982173,-9.976743108889913,-9.9089739409131283	-8	-7.579733958568033
53	0	0	-7.5408644706486863,-6.8519658087578952,-13.095924419998536,-6.4293690248233402,-11.841302253980942,-13.506032031499437,-11.571541984958834,-11.800468536472364,-6.4435595822584402,-13.810214576196845,-8.2895066171949843	-6.9651551430296852,-6.9651551430296852,-6.5210335856002484,-6.9651551430296852	0.92707159436284048,2.3310095875100649,-9.9690139612499475,-3.4216869107233578,-9.9519542256198701,-8.0362104775232126,38.001541246769655,-9.9525510882068389,-3.5409814813581555,-8.5855912044300542,100.19299989663904,3.1253415999739245,-9.924931146982173,-9.976743108889913,-9.9089739409131283	0.945805112986283,3.0186725351807975,-9.9690139612499511,-2.9892685673340118,-9.9538356681475264,-8.0244479147491923,39.52451411155468,-9.9525512597536707,-3.1216695796381124,-8.6087536865575398,104.99800812918792,4.2355022705520708,-9.9249345721904287,-9.976743108889913,-9.9090026996781972	-8	-7.5698322257092485
54	0	0	-7.5408644706486863,-6.8519658087578952,-13.095924419998536,-6.4293690248233402,-11.841302253980942,-13.506032031499437,-11.571541984958834,-11.800468536472364,-6.4435595822584402,-13.810214576196845,-8.2895066171949843	-6.9211888158631627,-6.9211888158631627,-6.4711091088567345,-6.9211888158631627	0.945805112986283,3.0186725351807975,-9.9690139612499511,-2.9892685673340118,-9.9538356681475264,-8.0244479147491923,39.52451411155468,-9.9525512597536707,-3.1216695796381124,-8.6087536865575398,104.99800812918792,4.2355022705520708,-9.9249345721904287,-9.976743108889913,-9.9090026996781972	0.95990335727078291,3.706269569327973,-9.9690139612499511,-2.5597504985874218,-9.9538948813886705,-8.0156671691384016,41.047486976339712,-9.9525512653038959,-2.7054539147384724,-8.6230418954782913,109.80301636173681,5.3456227948264106,-9.9249347458514841,-9.976743108889913,-9.9090044575842793	-8	-7.5623354246828356
55	0	0	-7.5408644706486863,-6.8519658087578952,-13.095924419998536,-6.4293690248233402,-11.841302253980942,-13.506032031499437,-11.571541984958834,-11.800468536472364,-6.4435595822584402,-13.810214576196845,-8.2895066171949843	-6.8945530928768743,-6.8945530928768743,-6.4485553148369208,-6.8945530928768743	0.95990335727078291,3.706269569327973,-9.9690139612499511,-2.5597504985874218,-9.9538948813886705,-8.0156671691384016,41.047486976339712,-9.9525512653038959,-2.7054539147384724,-8.6230418954782913,109.80301636173681,5.3456227948264106,-9.9249347458514841,-9.976743108889913,-9.9090044575842793	0.97041724361773962,4.393825682032058,-9.9690139612499511,-2.1323729491242038,-9.9538967437492705,-8.0091005373488322,42.570459841124745,-9.9525512654834678,-2.2915431201702914,-8.6318119527071318,114.60802459428569,6.4557247216971394,-9.9249347546562401,-9.976743108889913,-9.9090045650368452	-8	-7.5567191523370614
56	0	2	-8.5290680431848394,-8.4274212237346759,-8.7036069972197758,-14.075627704813369,-6.5121786576893754,-12.76906643733323,-6.4982930029281958,-6.4713449401807983,-14.089818262248469,-8.7369655941662057,-7.5525410230287786	-8.4320976555278868,-8.4320976555278868,-13.470512415498598,-8.4320976555278868	0.97041724361773962,4.393825682032058,-9.9690139612499511,-2.1323729491242038,-9.9538967437492705,-8.0091005373488322,42.570459841124745,-9.9525512654834678,-2.2915431201702914,-8.6318119527071318,114.60802459428569,6.4557247216971394,-9.9249347546562401,-9.976743108889913,-9.9090045650368452	0.95778344683594052,4.4941254510055773,-9.0706612732542062,-7.5011069216601562,-7.7100334030690858,-9.6929491489074131,44.774364265161651,-7.6763792987795032,-7.642241820928013,-8.1844273299875816,115.75768099822203,0.90850624777456912,-7.6051869398245273,-9.9244959097752616,-7.580993246217381	-8	-8.5102842456641135
57	0	2	-8.5290680431848394,-8.4274212237346759,-8.7036069972197758,-14.075627704813369,-6.5121786576893754,-12.76906643733323,-6.4982930029281958,-6.4713449401807983,-14.089818262248469,-8.7369655941662057,-7.5525410230287786	-8.43178310707302,-8.43178310707302,-9.4107517544252719,-8.43178310707302	0.95778344683594052,4.4941254510055773,-9.0706612732542062,-7.5011069216601562,-7.7100334030690858,-9.6929491489074131,44.774364265161651,-7.6763792987795032,-7.642241820928013,-8.1844273299875816,115.75768099822203,0.90850624777456912,-7.6051869398245273,-9.9244959097752616,-7.580993246217381	0.94013634643500299,4.5944210211820522,-8.5746752286795704,-9.8460651619022848,-5.7199610773581018,-9.8972460118780283,46.978268689198558,-5.6492149208444307,-9.8610456260184822,-7.8506829546501873,116.90733740215836,-4.604768565917146,-5.5234051542523517,-9.9217855700699698,-5.4870148285318532	-8	-8.5023362498366737
58	0	2	-8.5290680431848394,-8.4274212237346759,-8.7036069972197758,-14.075627704813369,-6.5121786576893754,-12.76906643733323,-6.4982930029281958,-6.4713449401807983,-14.089818262248469,-8.7369655941662057,-7.5525410230287786	-8.4314897576332513,-8.4314897576332513,-8.5290680431848394,-8.4314897576332513	0.94013634643500299,4.5944210211820522,-8.5746752286795704,-9.8460651619022848,-5.7199610773581018,-9.8972460118780283,46.978268689198558,-5.6492149208444307,-9.8610456260184822,-7.8506829546501873,116.90733740215836,-4.604768565917146,-5.5234051542523517,-9.9217855700699698,-5.4870148285318532	0.91580869695073475,4.6947126747036103,-8.2440928670000773,-9.96837425228704,-3.786553893252341,-9.9104013877869495,49.182173113235464,-3.6764217369470424,-9.9690005451067147,-7.5857167308706055,118.0569938060947,-9.0743485526569767,-3.4919862297341098,-9.9216424161395942,-3.4422532364669576	-8	-8.4913071452880136
59	0	2	-8.5290680431848394,-8.4274212237346759,-8.7036069972197758,-14.075627704813369,-6.5121786576893754,-12.76906643733323,-6.4982930029281958,-6.4713449401807983,-14.089818262248469,-8.7369655941662057,-7.5525410230287786	-8.4312161730764856,-8.4312161730764856,-8.5290680431848394,-8.4312161730764856	0.91580869695073475,4.6947126747036103,-8.2440928670000773,-9.96837425228704,-3.786553893252341,-9.9104013877869495,49.182173113235464,-3.6764217369470424,-9.9690005451067147,-7.5857167308706055,118.0569938060947,-9.0743485526569767,-3.4919862297341098,-9.9216424161395942,-3.4422532364669576	0.88287267727149488,4.7950006747337124,-8.0037512909739394,-9.9709191904831567,-1.86757045788035,-9.9111901643630755,51.386077537272371,-1.7171154723553466,-9.9712133846987498,-7.3668901100227071,119.20665021003103,-9.9425820981568283,-1.4725911791995105,-9.9216348479924115,-1.4091412111782278	-8	-8.4762397488269592
60	0	2	-8.5290680431848394,-8.4274212237346759,-8.7036069972197758,-14.075627704813369,-6.5121786576893754,-12.76906643733323,-6.4982930029281958,-6.4713449401807983,-14.089818262248469,-8.7369655941662057,-7.5525410230287786	-8.4309610169961733,-8.4309610169961733,-8.5290680431848394,-8.4309610169961733	0.88287267727149488,4.7950006747337124,-8.0037512909739394,-9.9709191904831567,-1.86757045788035,-9.9111901643630755,51.386077537272371,-1.7171154723553466,-9.9712133846987498,-7.3668901100227071,119.20665021003103,-9.9425820981568283,-1.4725911791995105,-9.9216348479924115,-1.4091412111782278	0.83935756152967733,4.895285266736356,-7.8199964393001959,-9.9709699320752261,0.047626313415744748,-9.9112372436914651,53.589981961309277,0.23874573703059052,-9.9712570678476968,-7.1811695936033413,120.35630661396736,-9.9682628285120192,0.54385536182903516,-9.9216344478658804,0.62114054377610006	-8	-8.4560882823843819
61	0	2	-8.5290680431848394,-8.4274212237346759,-8.7036069972197758,-14.075627704813369,-6.5121786576893754,-12.76906643733323,-6.4982930029281958,-6.4713449401807983,-14.089818262248469,-8.7369655941662057,-7.5525410230287786	-8.3101284743235286,-8.4307230439603931,-7.1893521533168707,-7.919282447313102	0.83935756152967733,4.895285266736356,-7.8199964393001959,-9.9709699320752261,0.047626313415744748,-9.9112372436914651,53.589981961309277,0.23874573703059052,-9.9712570678476968,-7.1811695936033413,120.35630661396736,-9.9682628285120192,0.54385536182903516,-9.9216344478658804,0.62114054377610006	0.78368309373790324,4.9955666796687197,-7.6748269646857405,-9.9709709428816282,1.9618210204850188,-9.911240052927349,55.793886385346184,2.1937204464764308,-9.9712579295256152,-7.0203604482105524,121.5059630179037,-9.9688167607718459,2.5595741792987328,-9.9216344267112113,2.6507303807865399	-8	-8.4298885594451161
62	0	2	-8.5290680431848394,-8.4274212237346759,-8.7036069972197758,-14.075627704813369,-6.5121786576893754,-12.76906643733323,-6.4982930029281958,-6.4713449401807983,-14.089818262248469,-8.7369655941662057,-7.5525410230287786	-6.8455719490925793,-8.4305010932391689,-6.6057559948555449,-6.7593778022907616	0.78368309373790324,4.9955666796687197,-7.6748269646857405,-9.9709709428816282,1.9618210204850188,-9.911240052927349,55.793886385346184,2.1937204464764308,-9.9712579295256152,-7.0203604482105524,121.5059630179037,-9.9688167607718459,2.5595741792987328,-9.9216344267112113,2.6507303807865399	0.71530785838217714,5.0958451270931588,-7.5574829865193074,-9.9709709630172121,3.8757499943482605,-9.9112402205524663,57.997790809383091,4.1484666060719384,-9.9712579465225026,-6.8789731474681091,122.65561942184003,-9.9688286030883653,4.5751131013060586,-9.9216344255927638,4.6801508070367888	-8	-8.3970470858939645
63	0	2	-8.5290680431848394,-8.4274212237346759,-8.7036069972197758,-14.075627704813369,-6.5121786576893754,-12.76906643733323,-6.4982930029281958,-6.4713449401807983,-14.089818262248469,-8.7369655941662057,-7.5525410230287786	-6.6178269186047505,-8.430294082974612,-6.5275774890002038,-6.5649916520281444	0.71530785838217714,5.0958451270931588,-7.5574829865193074,-9.9709709630172121,3.8757499943482605,-9.9112402205524663,57.997790809383091,4.1484666060719384,-9.9712579465225026,-6.8789731474681091,122.65561942184003,-9.9688286030883653,4.5751131013060586,-9.9216344255927638,4.6801508070367888	0.63543231740828476,5.1961208082140331,-7.461021723811248,-9.9709709634183206,5.7896084603536124,-9.9112402305545295,60.201695233419997,6.1031538142474187,-9.9712579468577722,-6.7531498418812994,123.80527582577636,-9.9688288562123688,6.5906075351617277,-9.9216344255336324,6.7095297389555046	-8	-8.3577104307513395
64	0	2	-8.5290680431848394,-8.4274212237346759,-8.7036069972197758,-14.075627704813369,-6.5121786576893754,-12.76906643733323,-6.4982930029281958,-6.4713449401807983,-14.089818262248469,-8.7369655941662057,-7.5525410230287786	-6.5612781886954918,-8.4301010047612888,-6.5103796827618243,-6.5171174625949337	0.63543231740828476,5.1961208082140331,-7.461021723811248,-9.9709709634183206,5.7896084603536124,-9.9112402305545295,60.201695233419997,6.1031538142474187,-9.9712579468577722,-6.7531498418812994,123.80527582577636,-9.9688288562123688,6.5906075351617277,-9.9216344255336324,6.7095297389555046	0.54739820569745978,5.2963939088444851,-7.3807053152705224,-9.9709709634263106,7.7034482155204191,-9.9112402311513446,62.405599657456904,8.0578258147754678,-9.9712579468643856,-6.6400756106069752,124.9549322297127,-9.9688288616227556,8.606090966029349,-9.921634425530506,8.7388985066070184	-8	-8.3130760373473827
65	0	2	-8.5290680431848394,-8.4274212237346759,-8.7036069972197758,-14.075627704813369,-6.5121786576893754,-12.76906643733323,-6.4982930029281958,-6.4713449401807983,-14.089818262248469,-8.7369655941662057,-7.5525410230287786	-6.5451499948853149,-8.429920918606804,-6.5062331660475801,-6.5035108727111073	0.54739820569745978,5.2963939088444851,-7.3807053152705224,-9.9709709634263106,7.7034482155204191,-9.9112402311513446,62.405599657456904,8.0578258147754678,-9.9712579468643856,-6.6400756106069752,124.9549322297127,-9.9688288616227556,8.606090966029349,-9.921634425530506,8.7388985066070184	0.45638396046695301,5.3966646023079319,-7.313159350692465,-9.9709709634264687,9.6172830051530607,-9.9112402311869552,64.60950408149381,10.012493892072866,-9.9712579468645153,-6.5376334218814556,126.10458863364903,-9.9688288617384,10.621571675528569,-9.9216344255303408,10.768264784409277	-8	-8.2654312929378335
66	0	2	-8.5290680431848394,-8.4274212237346759,-8.7036069972197758,-14.075627704813369,-6.5121786576893754,-12.76906643733323,-6.4982930029281958,-6.4713449401807983,-14.089818262248469,-8.7369655941662057,-7.5525410230287786	-6.539538847822266,-8.4297529482449143,-6.5051941839913345,-6.4986342550974747	0.45638396046695301,5.3966646023079319,-7.313159350692465,-9.9709709634264687,9.6172830051530607,-9.9112402311869552,64.60950408149381,10.012493892072866,-9.9712579468645153,-6.5376334218814556,126.10458863364903,-9.9688288617384,10.621571675528569,-9.9216344255303408,10.768264784409277	0.36830361734821798,5.4969330502786997,-7.2558982814210209,-9.9709709634264723,11.531116477004806,-9.9112402311890815,66.813408505530731,11.967160957256644,-9.9712579468645188,-6.4441909467787033,127.25424503758536,-9.9688288617408709,12.637051711947906,-9.9216344255303319,12.797630452292193	-8	-8.2177740409091644
67	0	2	-8.5290680431848394,-8.4274212237346759,-8.7036069972197758,-14.075627704813369,-6.5121786576893754,-12.76906643733323,-6.4982930029281958,-6.4713449401807983,-14.089818262248469,-8.7369655941662057,-7.5525410230287786	-6.5367910760149215,-8.4295962767756443,-6.504913800018099,-6.4960911533706076	0.36830361734821798,5.4969330502786997,-7.2558982814210209,-9.9709709634264723,11.531116477004806,-9.9112402311890815,66.813408505530731,11.967160957256644,-9.9712579468645188,-6.4441909467787033,127.25424503758536,-9.9688288617408709,12.637051711947906,-9.9216344255303319,12.797630452292193	0.28834676222080841,5.5971994035659343,-7.2070410307268897,-9.9709709634264723,13.444949599135613,-9.9112402311892076,69.017312929567652,13.921827761335154,-9.9712579468645188,-6.3584630324573705,128.4039014415217,-9.9688288617409242,14.652531581893202,-9.9216344255303319,14.82699597076763	-8	-8.1731052125143098
68	0	1	-8.1011649171355735,-12.633325522282554,-6.7632164863579307,-14.075627704813369,-10.993305347425991,-6.4435361057656726,-11.571541984958834,-12.537434130638569,-12.504855761527313,-6.7477186504630806,-8.2895066171949843	-10.81361935424458,-12.090025213245198,-11.27076963909721,-12.024891013536987	0.28834676222080841,5.5971994035659343,-7.2070410307268897,-9.9709709634264723,13.444949599135613,-9.9112402311892076,69.017312929567652,13.921827761335154,-9.9712579468645188,-6.3584630324573705,128.4039014415217,-9.9688288617409242,14.652531581893202,-9.9216344255303319,14.82699597076763	0.27476039074509473,1.0643031179068285,-5.7903434322077061,-9.540471613691528,15.083560244313626,-8.7821775187515474,64.207577860712078,14.016309667749137,-8.9199966882176458,-6.2342119505792715,126.87620174042996,-9.9767651820280197,11.75898198785541,-7.8863538019033363,11.355209870483614	-8	-8.0284499993779388
69	0	1	-8.1011649171355735,-12.633325522282554,-6.7632164863579307,-14.075627704813369,-10.993305347425991,-6.4435361057656726,-11.571541984958834,-12.537434130638569,-12.504855761527313,-6.7477186504630806,-8.2895066171949843	-8.9676275928495546,-9.0989864155046138,-11.212688192302888,-9.0945282698818346	0.27476039074509473,1.0643031179068285,-5.7903434322077061,-9.540471613691528,15.083560244313626,-8.7821775187515474,64.207577860712078,14.016309667749137,-8.9199966882176458,-6.2342119505792715,126.87620174042996,-9.9767651820280197,11.75898198785541,-7.8863538019033363,11.355209870483614	0.2616097550968467,-3.4537471205595014,-4.4232555606590749,-9.4097459978342943,16.722170861947173,-8.0364958413268219,59.397842791856512,14.110791568773283,-8.2737475233430882,-6.1187397315021714,125.34850203933824,-9.9768916313402709,8.8654350080491291,-6.1280690516052543,7.8834291990042953	-8	-8.0270968175238071
70	0	1	-8.1011649171355735,-12.633325522282554,-6.7632164863579307,-14.075627704813369,-10.993305347425991,-6.4435361057656726,-11.571541984958834,-12.537434130638569,-12.504855761527313,-6.7477186504630806,-8.2895066171949843	-8.1011649171355735,-8.1011649171355735,-11.147748115342102,-8.1011649171355735	0.2616097550968467,-3.4537471205595014,-4.4232555606590749,-9.4097459978342943,16.722170861947173,-8.0364958413268219,59.397842791856512,14.110791568773283,-8.2737475233430882,-6.1187397315021714,125.34850203933824,-9.9768916313402709,8.8654350080491291,-6.1280690516052543,7.8834291990042953	0.24890434354823976,-7.6679168380890284,-3.0747967748202907,-9.3645180088364874,18.360781470734384,-7.4484203495530208,54.588107723000938,14.205273464749261,-7.794204313369189,-6.0108179710185121,123.82080233824652,-9.9768936405208724,5.9719074543168986,-4.4409203850800898,4.4117087563365835	-8	-8.025788242000754
71	0	1	-8.1011649171355735,-12.633325522282554,-6.7632164863579307,-14.075627704813369,-10.993305347425991,-6.4435361057656726,-11.571541984958834,-12.537434130638569,-12.504855761527313,-6.7477186504630806,-8.2895066171949843	-8.1011649171355735,-8.1011649171355735,-10.998081490259739,-8.1011649171355735	0.24890434354823976,-7.6679168380890284,-3.0747967748202907,-9.3645180088364874,18.360781470734384,-7.4484203495530208,54.588107723000938,14.205273464749261,-7.794204313369189,-6.0108179710185121,123.82080233824652,-9.9768936405208724,5.9719074543168986,-4.4409203850800898,4.4117087563365835	0.2366509448870624,-9.7161808101033138,-1.733565073509421,-9.3482413655219165,19.999392076680454,-6.9451699478768409,49.778372654145365,14.299755355997082,-7.4059252756103842,-5.9094590293299918,122.2931026371548,-9.9768936724437811,3.078524244362455,-2.7750251417706235,0.94065632660482923	-8	-8.0245250955602678
72	0	1	-8.1011649171355735,-12.633325522282554,-6.7632164863579307,-14.075627704813369,-10.993305347425991,-6.4435361057656726,-11.571541984958834,-12.537434130638569,-12.504855761527313,-6.7477186504630806,-8.2895066171949843	-8.1011649171355735,-8.1011649171355735,-10.267890515827395,-8.1011649171355735	0.2366509448870624,-9.7161808101033138,-1.733565073509421,-9.3482413655219165,19.999392076680454,-6.9451699478768409,49.778372654145365,14.299755355997082,-7.4059252756103842,-5.9094590293299918,122.2931026371548,-9.9768936724437811,3.078524244362455,-2.7750251417706235,0.94065632660482923	0.22485377747148635,-9.9260905374422475,-0.39517220203499415,-9.3423036047035612,21.638002681714049,-6.4939734005762579,44.968637585289791,14.394237242816471,-7.0751564748431726,-5.813856952284433,120.76540293606308,-9.9768936729509896,0.18621305556014764,-1.1157495118230045,-2.5230095293979824	-8	-8.0233079340614601
73	0	1	-8.1011649171355735,-12.633325522282554,-6.7632164863579307,-14.075627704813369,-10.993305347425991,-6.4435361057656726,-11.571541984958834,-12.537434130638569,-12.504855761527313,-6.7477186504630806,-8.2895066171949843	-8.1011649171355735,-8.1011649171355735,-8.2608490707305275,-8.1011649171355735	0.22485377747148635,-9.9260905374422475,-0.39517220203499415,-9.3423036047035612,21.638002681714049,-6.4939734005762579,44.968637585289791,14.394237242816471,-7.0751564748431726,-5.813856952284433,120.76540293606308,-9.9768936729509896,0.18621305556014764,-1.1157495118230045,-2.5230095293979824	0.21351463918760308,-9.9358796224415311,0.94210013224143863,-9.3401268921982172,23.276613286454587,-6.0772902467570429,40.158902516434217,14.488719125488153,-6.78384700436869,-5.7233454708946265,119.23770323497136,-9.9768936729590472,-2.6981645468746214,0.54143807676416078,-5.9076389149778459	-8	-8.0221370606300741
74	0	1	-8.1011649171355735,-12.633325522282554,-6.7632164863579307,-14.075627704813369,-10.993305347425991,-6.4435361057656726,-11.571541984958834,-12.537434130638569,-12.504855761527313,-6.7477186504630806,-8.2895066171949843	-8.9280671619257177,-7.3081643950641011,-7.3575873080307304,-8.1884188436852643	0.21351463918760308,-9.9358796224415311,0.94210013224143863,-9.3401268921982172,23.276613286454587,-6.0772902467570429,40.158902516434217,14.488719125488153,-6.78384700436869,-5.7233454708946265,119.23770323497136,-9.9768936729590472,-2.6981645468746214,0.54143807676416078,-5.9076389149778459	0.20263307373267317,-9.9363037920700421,2.2789293229531458,-9.3393275134118934,24.915223891101007,-5.6846707118639364,35.349167447578679,14.583201004275056,-6.521205373902661,-5.6373674772376328,117.71000353387964,-9.9768936729591751,-5.5253223497523107,2.1979644092316168,-8.6565994265151769	-8	-8.0210125417007543
75	0	1	-8.1011649171355735,-12.633325522282554,-6.7632164863579307,-14.075627704813369,-10.993305347425991,-6.4435361057656726,-11.571541984958834,-12.537434130638569,-12.504855761527313,-6.7477186504630806,-8.2895066171949843	-9.9496577425428931,-6.955104204683578,-6.6760765295316506,-8.2486360323722732	0.20263307373267317,-9.9363037920700421,2.2789293229531458,-9.3393275134118934,24.915223891101007,-5.6846707118639364,35.349167447578679,14.583201004275056,-6.521205373902661,-5.6373674772376328,117.71000353387964,-9.9768936729591751,-5.5253223497523107,2.1979644092316168,-8.6565994265151769	0.19220654879892313,-9.9363221095430863,3.6155831292237974,-9.3390337568695045,26.553834495717197,-5.3094205569620572,30.539432378724005,14.677682879423443,-6.2802643695128806,-5.5554524079085725,116.18230383278792,-9.9768936729591786,-8.0028751822019188,3.8542810674098336,-9.7028513451576082	-8	-8.0199342244860023
76	0	1	-8.1011649171355735,-12.633325522282554,-6.7632164863579307,-14.075627704813369,-10.993305347425991,-6.4435361057656726,-11.571541984958834,-12.537434130638569,-12.504855761527313,-6.7477186504630806,-8.2895066171949843	-10.705490998799656,-6.8361700862026469,-6.5133319627978725,-8.27318567380056	0.19220654879892313,-9.9363221095430863,3.6155831292237974,-9.3390337568695045,26.553834495717197,-5.3094205569620572,30.539432378724005,14.677682879423443,-6.2802643695128806,-5.5554524079085725,116.18230383278792,-9.9768936729591786,-8.0028751822019188,3.8542810674098336,-9.7028513451576082	0.18223064198945299,-9.9363229004544706,4.9521675022236034,-9.3389257810425192,28.192445100323681,-4.9470230206119679,25.729697309893748,14.772164751163965,-6.0562646168257013,-5.4771991974199077,114.6546041316962,-9.9768936729591786,-9.3796798790173739,5.5105312146137502,-9.8484675125030581	-8	-8.0189017554361666
77	0	1	-8.1011649171355735,-12.633325522282554,-6.7632164863579307,-14.075627704813369,-10.993305347425991,-6.4435361057656726,-11.571541984958834,-12.537434130638569,-12.504855761527313,-6.7477186504630806,-8.2895066171949843	-11.164742811564718,-6.7916633931227235,-6.4653162025628683,-8.2830221282417824	0.18223064198945299,-9.9363229004544706,4.9521675022236034,-9.3389257810425192,28.192445100323681,-4.9470230206119679,25.729697309893748,14.772164751163965,-6.0562646168257013,-5.4771991974199077,114.6546041316962,-9.9768936729591786,-9.3796798790173739,5.5105312146137502,-9.8484675125030581	0.17269923063550555,-9.9363229346042061,6.2887243839015206,-9.3388860889705487,29.831055704927046,-4.5943113758134713,20.919962241748301,14.866646619712652,-5.8458112379017804,-5.4022632324309745,113.12690443060448,-9.9768936729591786,-9.7287342134383277,7.1667602611500429,-9.8623442192108417	-8	-8.0179145992850174
78	0	1	-8.1011649171355735,-12.633325522282554,-6.7632164863579307,-14.075627704813369,-10.993305347425991,-6.4435361057656726,-11.571541984958834,-12.537434130638569,-12.504855761527313,-6.7477186504630806,-8.2895066171949843	-11.396502605782526,-6.7744134665485536,-6.4504106734231934,-8.2869355029641998	0.17269923063550555,-9.9363229346042061,6.2887243839015206,-9.3388860889705487,29.831055704927046,-4.5943113758134713,20.919962241748301,14.866646619712652,-5.8458112379017804,-5.4022632324309745,113.12690443060448,-9.9768936729591786,-9.7287342134383277,7.1667602611500429,-9.8623442192108417	0.16360468207959877,-9.9363229360787138,7.6252703801896189,-9.3388714976345906,31.469666309529408,-4.2490000667334424,16.110227192809223,14.961128485271839,-5.64639838565361,-5.3303462303567191,111.59920472951276,-9.9768936729591786,-9.7828805034538568,8.8229826132124192,-9.8636015630400795	-8	-8.016972058312847
79	0	1	-8.1011649171355735,-12.633325522282554,-6.7632164863579307,-14.075627704813369,-10.993305347425991,-6.4435361057656726,-11.571541984958834,-12.537434130638569,-12.504855761527313,-6.7477186504630806,-8.2895066171949843	-11.499158159023288,-6.767639740031453,-6.4457136459570963,-8.2884879914277807	0.16360468207959877,-9.9363229360787138,7.6252703801896189,-9.3388714976345906,31.469666309529408,-4.2490000667334424,16.110227192809223,14.961128485271839,-5.64639838565361,-5.3303462303567191,111.59920472951276,-9.9768936729591786,-9.7828805034538568,8.8229826132124192,-9.8636015630400795	0.15493804141988654,-9.9363229361423784,8.9618120662480383,-9.3388661336007281,33.108276914131444,-3.909402342354555,11.300492682536246,15.055610348031035,-5.4561244419549553,-5.2611882893496018,110.07150502842104,-9.9768936729591786,-9.7903247142502163,10.479202841334903,-9.8637149461765965	-8	-8.0160732915009181
