world	regime	comparison	direction	left	right	t	truth	rank	matchedL	cold_log2	candidate_log2	left_live	right_live	left_minus_right_bits	w_before	w_after	hazard	left_odds_before	left_odds_after	left_cap_after	left_clipped	right_odds_before	right_odds_after	right_cap_after	right_clipped
216	switched	tight_vs_loose	help	h5l5	h16l5	8675	81	2	4	-2.163285272085177	-5.954738489020637	-2.440896584833898	-5.35340761064561	2.912511025811712	6.852483742014414	2.8468904081410034	2^-16	-2.1044236490231305	-5.895899249613784	5.0	0	4.575474796743661	0.7839616603010562	16.0	0
216	switched	tight_vs_loose	harm	h5l5	h16l5	8669	108	3	2	-4.620005223768532	-0.7420059441628108	-3.687810690336506	-0.9133155436140012	-2.7744951467225047	6.723074632019055	10.390977829374181	2^-16	-3.8163986900087337	0.06155560174711651	5.0	0	2.8726285902273507	6.748237322350614	16.0	0
216	switched	witnessed_vs_fixed	help	h10l5	h5l5	8669	108	3	2	-4.620005223768532	-0.7420059441628108	-1.2643884091260944	-3.687810690336506	2.423422281210412	6.723074632019055	10.390977829374181	2^-16	1.0482161709691191	4.9255242727317	10.0	0	-3.8163986900087337	0.06155560174711651	5.0	0
216	switched	witnessed_vs_fixed	harm	h10l5	h5l5	8675	81	2	4	-2.163285272085177	-5.954738489020637	-4.546117325428405	-2.440896584833898	-2.1052207405945067	6.852483742014414	2.8468904081410034	2^-16	2.757671976439947	-1.0338140065559667	10.0	0	-2.1044236490231305	-5.895899249613784	5.0	0
216	switched	witnessed_vs_witness	help	h10l5	witness	8264	39	3	2	-1.9193866451421489	-5.634802394026418	-2.545218462063045	-3.3704681721937426	0.8252497101306977	-2.6748370993951194	-6.306664188923292	2^-10	-0.7004198276022008	-4.4173111500462525	5.0	0	1.1309046857166383	-2.586155501436871		0
216	switched	witnessed_vs_witness	harm	h10l5	witness	8668	81	1	2	-4.6113144953190215	-2.0721322720800948	-3.4331186630115718	-2.7303166695389285	-0.7028019934726433	4.3188566800311	6.723074632019055	2^-16	-1.4908985130455588	1.0482161709691191	10.0	0	0.3336296209678348	2.8726285902273507		0
216	moved_mid	tight_vs_loose	help	h5l5	h16l5	12375	128	4	1	-4.3461187136304815	-15.946576581440837	-5.930012184554709	-13.654170528696223	7.7241583441415145	6.499150641114604	-5.3044056842305825	2^-16	0.9997896290662314	-10.6006902668681	5.0	0	9.635177994019058	-1.9653075252257501	5.0	0
216	moved_mid	tight_vs_loose	harm	h5l5	h16l5	12911	67	2	2	-4.66475971356211	-1.6432503891872985	-4.491162364540498	-1.842639007647033	-2.6485233568934654	-0.602212530409801	2.4381159355403166	2^-16	-5.773047552853877	-2.751563511303299	5.0	0	2.5343230047006307	5.5547751468079705	16.0	0
216	moved_mid	witnessed_vs_fixed	help	h10l5	h5l5	9516	29	3	2	-5.640908954495222	-2.286616597307238	-3.6195438078519975	-5.425160524975098	1.8056167171231006	-4.790557536579059	-1.2865602563729794	2^-10	-1.0112335684432199	2.3345185238196127	5.0	0	-5.8125223928663905	-2.45989595693554	5.0	0
216	moved_mid	witnessed_vs_fixed	harm	h10l5	h5l5	12375	128	4	1	-4.3461187136304815	-15.946576581440837	-10.310202836268894	-5.930012184554709	-4.3801906517141855	6.499150641114604	-5.3044056842305825	2^-16	5.970086135255941	-5.630394190911618	5.0	0	0.9997896290662314	-10.6006902668681	5.0	0
216	moved_mid	witnessed_vs_witness	help	h10l5	witness	12375	128	4	1	-4.3461187136304815	-15.946576581440837	-10.310202836268894	-13.654170528696223	3.343967692427329	6.499150641114604	-5.3044056842305825	2^-16	5.970086135255941	-5.630394190911618	5.0	0	9.635177994019058	-1.9653075252257501		0
216	moved_mid	witnessed_vs_witness	harm	h10l5	witness	8608	26	3	2	-4.943992278837841	-1.7850411170030203	-3.8186812843373175	-2.622531428117746	-1.1961498562195714	6.109042273821261	9.077085864599168	2^-16	-2.5143528413758958	0.644541892693617	10.0	0	0.023631527783437842	3.182360819584072		0
217	switched	tight_vs_loose	help	h5l5	h16l5	8918	95	1	5	-2.3113217494277833	-7.430893733963587	-4.014233654806729	-7.331539286403001	3.3173056315962723	3.650555121640347	-1.5830967104467175	2^-16	1.315345836114711	-3.8042497381940965	5.0	0	8.884491484898628	3.7645982576988715	5.0	0
217	switched	tight_vs_loose	harm	h5l5	h16l5	9841	191	3	3	-5.752256645300067	-1.3120018270746039	-5.625054943864031	-2.759347236253293	-2.865707707610738	1.1629576704378626	5.566870061462142	2^-16	-7.8052939915822925	-3.3650633238713037	5.0	0	-0.9819774434798136	3.4580134231719044	16.0	0
217	switched	witnessed_vs_fixed	help	h10l5	h5l5	10161	253	3	2	-4.865825841450688	-1.2237285439528582	-1.4475338698511517	-3.4309708532254835	1.9834369833743317	1.5745629206978946	5.167455126923915	2^-16	2.4334183504082545	6.074009805487706	10.0	0	-2.521470171015026	1.1205572462438789	5.0	0
217	switched	witnessed_vs_fixed	harm	h10l5	h5l5	8918	95	1	5	-2.3113217494277833	-7.430893733963587	-6.8760718607138	-4.014233654806729	-2.8618382059070715	3.650555121640347	-1.5830967104467175	2^-16	6.149665579761281	1.0300266263909978	5.0	0	1.315345836114711	-3.8042497381940965	5.0	0
217	switched	witnessed_vs_witness	help	h10l5	witness	10290	17	2	2	-0.751667029352073	-4.061838993926307	-2.3969234096214027	-3.835077492976845	1.4381540833554425	-0.43681671905795727	-3.7333381611616305	2^-16	1.6361098952006021	-1.6740909817574208	5.0	0	5.683711749943441	2.3734036980945117		0
217	switched	witnessed_vs_witness	harm	h10l5	witness	9841	191	3	3	-5.752256645300067	-1.3120018270746039	-4.078282163312839	-2.7125114886031243	-1.3657706747097151	1.1629576704378626	5.566870061462142	2^-16	-3.079361701539498	1.3608145627461152	10.0	0	-0.9007058476407357	3.539270999942503		0
217	moved_mid	tight_vs_loose	help	h5l5	h16l5	15943	113	4	2	-5.967648756939288	-14.276409592311706	-6.468530616612465	-12.406067694790654	5.937537078178188	-0.14430618382476568	-8.44855745095266	2^-16	-1.262091992297006	-9.570874870562172	5.0	0	6.882669877391949	-1.4261211640649936	5.0	0
217	moved_mid	tight_vs_loose	harm	h5l5	h16l5	15811	241	2	3	-4.6630347028406245	-1.4029390126503944	-4.499849134837842	-1.6609244899594215	-2.838924644878421	8.593165461666553	11.584724731179703	2^-16	-6.142597623367493	-2.882526932332649	5.0	0	2.1601462883152425	5.419277623349233	16.0	0
217	moved_mid	witnessed_vs_fixed	help	h10l5	h5l5	12551	211	3	7	-5.1848875399226655	-0.9506410897521125	-1.3309023416336934	-3.8030703661766116	2.4721680245429183	4.510446700898423	8.6037416916659	2^-16	1.626009228707623	5.858955417465323	10.0	0	-3.3357917986975	0.8983916029231909	5.0	0
217	moved_mid	witnessed_vs_fixed	harm	h10l5	h5l5	11501	228	4	1	-5.294591710871617	-16.09577731805731	-14.627432684628598	-10.31265080013231	-4.314781884496288	8.997855679179146	-2.0845129179808923	2^-16	9.977610173024281	-0.8236098867179737	5.0	0	4.999273717041489	-5.801934298680523	5.0	0
217	moved_mid	witnessed_vs_witness	help	h10l5	witness	12499	180	4	2	-6.250956475683188	-14.338781768107433	-8.65786454237221	-11.834414331172693	3.176549788800484	-0.0316452002042798	-8.118481580122141	2^-16	2.1338650619951816	-5.9539825994953475	5.0	0	5.8327603169456905	-2.2550916010267095		0
217	moved_mid	witnessed_vs_witness	harm	h10l5	witness	15976	226	2	5	-4.178967406517905	-1.2349853869076801	-3.326989635629157	-1.9617525510600078	-1.3652370845691493	-2.6964002581175723	0.33184426955882645	2^-10	-2.8713399289825445	0.06975164293242492	10.0	0	0.26125643958675265	3.1908929192474287		0
218	switched	tight_vs_loose	help	h5l5	h16l5	9063	145	3	4	-1.836531185239684	-5.901995867580743	-2.7846641062441106	-5.809351566710172	3.024687460466061	1.5147150914659737	-2.5980844374833967	2^-16	0.0709674194031225	-3.994520658003586	5.0	0	7.884875272026163	3.8190778301371946	5.0	0
218	switched	tight_vs_loose	harm	h5l5	h16l5	9557	198	3	1	-6.377558304655085	-2.518419532018442	-5.8059047800399926	-2.7514943560151495	-3.054410424024843	-2.0550110581498084	1.868346810054016	2^-10	-4.743558458752177	-0.8865922534582251	5.0	0	2.3899434792172465	6.144305061530952	16.0	0
218	switched	witnessed_vs_fixed	help	h10l5	h5l5	9557	198	3	1	-6.377558304655085	-2.518419532018442	-3.356038726309019	-5.8059047800399926	2.4498660537309735	-2.0550110581498084	1.868346810054016	2^-10	0.1557869236625095	3.990917513452784	10.0	0	-4.743558458752177	-0.8865922534582251	5.0	0
218	switched	witnessed_vs_fixed	harm	h10l5	h5l5	9063	145	3	4	-1.836531185239684	-5.901995867580743	-5.328610304485838	-2.7846641062441106	-2.543946198241727	1.5147150914659737	-2.5980844374833967	2^-16	4.966198934380048	0.9006711386000766	5.0	0	0.0709674194031225	-3.994520658003586	5.0	0
218	switched	witnessed_vs_witness	help	h10l5	witness	11468	102	3	3	-2.9288120183170023	-6.152934128833117	-3.76047899232226	-4.897009838017227	1.136530845694967	-2.0492547726516066	-5.209337671522358	2^-10	-0.05411167604494687	-3.2797885699913008	5.0	0	2.325109649003673	-0.9011773520948831		0
218	switched	witnessed_vs_witness	harm	h10l5	witness	11456	62	2	2	-4.027508713082299	-1.9560221369887154	-3.349709638512058	-2.556304697953041	-0.7934049405590171	-5.207247382483634	-2.9730343256874368	2^-10	-2.118144607551407	-0.04943100358685378	5.0	0	0.3091269082213047	2.3718856399277133		0
218	moved_mid	tight_vs_loose	help	h5l5	h16l5	8362	163	4	1	-5.739781091667607	-15.981778445102151	-7.622080913915942	-13.52285218948809	5.900771275572148	0.2410743424146656	-10.008456584220339	2^-16	1.430192417094754	-8.811826999273622	5.0	0	8.066125197916291	-2.1758990412838974	5.0	0
218	moved_mid	tight_vs_loose	harm	h5l5	h16l5	15631	34	2	1	-7.991098426699008	-4.256715368335854	-7.902285983139722	-4.819355429745816	-3.082930553393906	-1.6195609903102224	2.165433349000126	2^-10	-7.591464525193693	-3.858588258677958	5.0	0	0.8983330821180305	4.5967721016203695	16.0	0
218	moved_mid	witnessed_vs_fixed	help	h10l5	h5l5	9095	113	2	4	-5.1031035844652886	-1.3002222566978128	-2.7419801077847596	-4.794561709135071	2.0525816013503118	-0.8205874315669583	3.007937253436985	2^-16	-1.0917771941400385	2.7109379756774077	10.0	0	-5.737031421500335	-1.9341778681319222	5.0	0
218	moved_mid	witnessed_vs_fixed	harm	h10l5	h5l5	8362	163	4	1	-5.739781091667607	-15.981778445102151	-11.903241900464067	-7.622080913915942	-4.281160986548126	0.2410743424146656	-10.008456584220339	2^-16	6.231214247562239	-4.0108064854348955	5.0	0	1.430192417094754	-8.811826999273622	5.0	0
218	moved_mid	witnessed_vs_witness	help	h10l5	witness	15579	246	4	1	-3.173613242468277	-15.272801774003579	-5.8467615846896095	-9.252285203479179	3.4055236187895694	0.17434208510111718	-11.930294636593594	2^-16	2.4292210194475983	-9.669989553058636	5.0	0	6.07956345403636	-6.019647430764165		0
218	moved_mid	witnessed_vs_witness	harm	h10l5	witness	15631	34	2	1	-7.991098426699008	-4.256715368335854	-6.543558929045378	-4.788155368014616	-1.7554035610307626	-1.6195609903102224	2.165433349000126	2^-10	-2.614925844765388	1.1149898758364978	10.0	0	1.0010696245119046	4.696992173032602		0
219	switched	tight_vs_loose	help	h5l5	h16l5	8217	148	3	2	-1.2267151536223277	-5.573535223273666	-2.944993636109703	-5.510783710439268	2.5657900743295654	5.512676312232948	0.9935851078243301	2^-16	1.4500962071888421	-2.8967488323346307	5.0	0	8.76228193233552	4.41497015975063	16.0	0
219	switched	tight_vs_loose	harm	h5l5	h16l5	8235	56	1	3	-3.583436125118874	-0.713433397965755	-3.2175062697666026	-0.8685627243447747	-2.348943545421828	-0.20374813882980647	2.6726217176617446	2^-16	-4.382528722703536	-1.5125557252406734	5.0	0	2.900564160188906	5.769343639668316	16.0	0
219	switched	witnessed_vs_fixed	help	h10l5	h5l5	8235	56	1	3	-3.583436125118874	-0.713433397965755	-1.3813690546422275	-3.2175062697666026	1.836137215124375	-0.20374813882980647	2.6726217176617446	2^-16	0.4106388311853432	3.2804056329936335	10.0	0	-4.382528722703536	-1.5125557252406734	5.0	0
219	switched	witnessed_vs_fixed	harm	h10l5	h5l5	8217	148	3	2	-1.2267151536223277	-5.573535223273666	-5.250201114578163	-2.944993636109703	-2.3052074784684597	5.512676312232948	0.9935851078243301	2^-16	6.248246478772985	1.9013221579177804	10.0	0	1.4500962071888421	-2.8967488323346307	5.0	0
219	switched	witnessed_vs_witness	help	h10l5	witness	8224	44	1	3	-3.0183989365954442	-5.6793964485137405	-3.8681171006794117	-4.897509882848492	1.0293927821690807	-0.7726468929140429	-3.409499189428775	2^-16	0.1658018917394443	-2.495221538624918	5.0	0	2.6784812357452576	0.017439427868924988		0
219	switched	witnessed_vs_witness	harm	h10l5	witness	8234	56	3	2	-4.318885065078762	-1.8627809809605531	-3.4107188920336156	-2.4726293081613275	-0.938089583872288	-2.7456539075592414	-0.20374813882980647	2^-10	-2.0421798425491686	0.4106388311853432	10.0	0	0.456438930781261	2.900564160188906		0
219	moved_mid	tight_vs_loose	help	h5l5	h16l5	15076	32	4	3	-2.135920951395796	-12.741624883920117	-7.147543162766572	-12.513499241819869	5.365956079053296	10.054387770604897	-0.8655157797508266	2^-16	4.996372125380816	-5.609354272029368	5.0	0	13.14991939638628	2.544065051266236	16.0	0
219	moved_mid	tight_vs_loose	harm	h5l5	h16l5	13256	198	2	2	-6.129398884355176	-1.4074762001293057	-5.188414496042829	-1.5148192876783888	-3.67359520836444	-1.1324513555591982	3.6248604335278967	2^-10	-4.733503947746221	-0.01438777455980011	5.0	0	3.6343343297129365	7.954282069960224	16.0	0
219	moved_mid	witnessed_vs_fixed	help	h10l5	h5l5	13256	198	2	2	-6.129398884355176	-1.4074762001293057	-2.262513956458776	-5.188414496042829	2.925900539584053	-1.1324513555591982	3.6248604335278967	2^-10	0.20369810743520925	4.882015576299831	10.0	0	-4.733503947746221	-0.01438777455980011	5.0	0
219	moved_mid	witnessed_vs_fixed	harm	h10l5	h5l5	15076	32	4	3	-2.135920951395796	-12.741624883920117	-11.342207948645243	-7.147543162766572	-4.19466478587867	10.054387770604897	-0.8655157797508266	2^-16	9.891368663843156	-0.7143706996539548	10.0	0	4.996372125380816	-5.609354272029368	5.0	0
219	moved_mid	witnessed_vs_witness	help	h10l5	witness	15570	165	4	7	-5.070465832786394	-11.772491870111969	-8.673832916096384	-10.314984206646574	1.6411512905501908	1.7683053917096756	-4.988980189106827	2^-16	3.6585837349676806	-3.043466986400587	5.0	0	5.859129227844553	-0.8429310965640431		0
219	moved_mid	witnessed_vs_witness	harm	h10l5	witness	15238	198	3	3	-4.584360791743904	-1.3699963101191828	-3.5304574750695568	-2.482583687368232	-1.0478737877013247	-4.8618146303240435	-1.4955184415016956	2^-10	-2.7432140312890247	0.46778918841176853	5.0	0	-0.5996681152771406	2.604683180432719		0
220	switched	tight_vs_loose	help	h5l5	h16l5	8715	36	3	3	-1.3448126593361387	-5.856323294281207	-1.9942097804056835	-5.086269975940988	3.0920601955353044	2.267405252661479	-2.3149617964292606	2^-16	-0.7119479129583113	-5.223481151069743	5.0	0	4.903023436782276	0.3914619112033758	5.0	0
220	switched	tight_vs_loose	harm	h5l5	h16l5	8661	71	2	1	-7.282797314961842	-2.124920498479011	-7.13141868498283	-4.724283697336245	-2.407134987646584	-2.0077464651211345	3.2128724283967323	2^-10	-8.288464092123098	-3.1321577064993393	5.0	0	-2.6075746339157755	2.5406635027583424	16.0	0
220	switched	witnessed_vs_fixed	help	h10l5	h5l5	9192	50	1	4	-6.149292668023432	-2.7325524228755533	-3.9467974482995962	-5.819431778550991	1.8726343302513944	2.9524556815129586	6.276931686613557	2^-16	-0.7541469983863792	2.662431854867226	10.0	0	-5.196855337933475	-1.7801435162543053	5.0	0
220	switched	witnessed_vs_fixed	harm	h10l5	h5l5	8715	36	3	3	-1.3448126593361387	-5.856323294281207	-4.524991316206945	-1.9942097804056835	-2.5307815358012613	2.267405252661479	-2.3149617964292606	2^-16	3.742260474342151	-0.769285090468558	5.0	0	-0.7119479129583113	-5.223481151069743	5.0	0
220	switched	witnessed_vs_witness	help	h10l5	witness	8883	119	2	3	-0.9012650036879835	-5.543981628857086	-2.8954653772949537	-3.65954661916088	0.7640812418659264	6.42547145785345	1.5819588496264276	2^-16	1.8278773132198178	-2.814864454446342	10.0	0	2.9832576221858864	-1.6594879855479119		0
220	switched	witnessed_vs_witness	harm	h10l5	witness	8661	71	2	1	-7.282797314961842	-2.124920498479011	-5.553548418184037	-4.724283697336245	-0.8292647208477915	-2.0077464651211345	3.2128724283967323	2^-10	-3.8059005471130583	1.3469748403455988	10.0	0	-2.6075746339157755	2.5406635027583424		0
220	moved_mid	tight_vs_loose	help	h5l5	h16l5	16313	182	4	1	-5.1782728811055705	-15.962786985527563	-9.354924690885479	-15.51036343904887	6.155438748163391	10.523255879409666	-0.5901099712438789	2^-16	4.109452133882439	-6.675084199914099	5.0	0	12.224296396916298	1.4397005608189308	16.0	0
220	moved_mid	tight_vs_loose	harm	h5l5	h16l5	16001	119	3	3	-7.612671375585432	-2.085900289949816	-6.714487307245259	-2.478908214460159	-4.2355790927851	-3.4692756726221896	2.16591027778287	2^-10	-5.6786043494277525	-0.1545104199796232	5.0	0	1.6334853989646418	6.970210868475609	16.0	0
220	moved_mid	witnessed_vs_fixed	help	h10l5	h5l5	16001	119	3	3	-7.612671375585432	-2.085900289949816	-3.498319741666223	-6.714487307245259	3.2161675655790356	-3.4692756726221896	2.16591027778287	2^-10	-0.818573250409511	4.670422042066471	10.0	0	-5.6786043494277525	-0.1545104199796232	5.0	0
220	moved_mid	witnessed_vs_fixed	harm	h10l5	h5l5	14933	7	4	1	-4.749758878698762	-17.179323427852868	-12.521104112994855	-7.99802574529987	-4.5230783676949855	5.866506787855766	-6.746386098418833	2^-16	7.823025009940045	-4.606562456785612	5.0	0	3.090329267982846	-9.339257329104884	5.0	0
220	moved_mid	witnessed_vs_witness	help	h10l5	witness	16338	158	2	7	-2.922489794154334	-7.116318638315084	-3.649007211190307	-5.397638221283354	1.748631010093047	0.5419759325381085	-3.6687896595144576	2^-16	-0.47450829903036473	-4.668360022873364	5.0	0	2.7115924862877785	-1.4822662512686748		0
220	moved_mid	witnessed_vs_witness	harm	h10l5	witness	14640	29	2	1	-7.307192133951699	-2.1119990945215323	-5.33965144048814	-3.599961480388836	-1.7396899600993043	-4.379029395784428	0.9530083122640023	2^-10	-3.4908051298428653	1.6983942158753333	10.0	0	-0.9668519321917206	4.200762526266425		0
221	switched	tight_vs_loose	help	h5l5	h16l5	8348	91	1	2	-2.6725686424079793	-6.41993448916344	-2.8201006882257165	-6.150006882840195	3.3299061946144786	3.2513456799614806	-0.5976247192927764	2^-16	-3.091085005194068	-6.838473058257227	5.0	0	5.892705124988322	2.1452198794301416	16.0	0
221	switched	tight_vs_loose	harm	h5l5	h16l5	8309	98	1	1	-7.305840676034813	-1.7307649841781751	-7.129561767155032	-2.4349077264266654	-4.694654040728366	-0.806008557741515	4.794254901544545	2^-16	-8.484265737442199	-2.909214990025906	5.0	0	0.6182980945223757	6.191741706981131	16.0	0
221	switched	witnessed_vs_fixed	help	h10l5	h5l5	8309	98	1	1	-7.305840676034813	-1.7307649841781751	-5.062246621892775	-7.129561767155032	2.067315145262257	-0.806008557741515	4.794254901544545	2^-16	-3.5227308630820278	2.052231509057985	10.0	0	-8.484265737442199	-2.909214990025906	5.0	0
221	switched	witnessed_vs_fixed	harm	h10l5	h5l5	8225	74	3	3	-4.198043315682131	-6.980605116689997	-6.723649122183072	-4.963781254144781	-1.7598678680382909	7.392963108025439	4.3793712098917785	2^-16	4.866146022638091	2.0834689033282303	10.0	0	-0.10460689371133572	-2.8871936842337886	5.0	0
221	switched	witnessed_vs_witness	help	h10l5	witness	8269	68	2	4	-0.9920252783040567	-5.011453768143892	-1.5148086836739458	-3.641906332123707	2.127097648449761	-0.9426897537638225	-4.932659188798538	2^-16	-1.0613703205997402	-5.080821474848444	5.0	0	3.105557785043101	-0.9139044027119053		0
221	switched	witnessed_vs_witness	harm	h10l5	witness	8309	98	1	1	-7.305840676034813	-1.7307649841781751	-5.062246621892775	-2.4349077259725194	-2.6273388959202553	-0.806008557741515	4.794254901544545	2^-16	-3.5227308630820278	2.052231509057985	10.0	0	0.6182980957144021	6.191741708171827		0
221	moved_mid	tight_vs_loose	help	h5l5	h16l5	16184	13	4	1	-3.992144851246911	-15.3783616246487	-6.69475196991943	-13.843600368802658	7.148848398883228	9.132322077270958	-2.5392797610455493	2^-16	2.4655057267210148	-8.920733106052836	5.0	0	10.460626755035657	-0.9256236217548196	5.0	0
221	moved_mid	tight_vs_loose	harm	h5l5	h16l5	12165	15	3	2	-5.699004861921928	-1.1723127728617564	-4.220119914918956	-1.226736256754117	-2.993383658164839	-1.9692248416827927	2.619005523679966	2^-10	-3.502941303889404	1.0194795190417765	5.0	0	4.634590214716885	8.519121953714032	16.0	0
221	moved_mid	witnessed_vs_fixed	help	h10l5	h5l5	12165	15	3	2	-5.699004861921928	-1.1723127728617564	-1.5899453507485033	-4.220119914918956	2.630174564170453	-1.9692248416827927	2.619005523679966	2^-10	1.488486353199384	5.925408746997609	10.0	0	-3.502941303889404	1.0194795190417765	5.0	0
221	moved_mid	witnessed_vs_fixed	harm	h10l5	h5l5	14728	17	4	1	-3.0012737906706177	-15.490238297885039	-12.237144910888347	-7.540888649089387	-4.696256261798959	9.480445689934594	-3.3047827450902827	2^-16	9.39333450407623	-3.0956545923196717	5.0	0	4.482058705445204	-8.006927901297171	5.0	0
221	moved_mid	witnessed_vs_witness	help	h10l5	witness	13853	111	4	1	-4.692736901962731	-15.611722133741953	-8.837223625852474	-12.47175096221694	3.6345273363644655	7.7567222777311	-3.4046605252272175	2^-16	4.073752620697023	-6.8452548164877784	5.0	0	7.946144026540315	-2.972866023197803		0
221	moved_mid	witnessed_vs_witness	harm	h10l5	witness	9694	102	3	1	-4.27267294789991	-1.6009139314417165	-3.377955695573407	-1.9614317633052765	-1.4165239322681304	-4.004638037483244	-1.2077340823536993	2^-10	-2.392884074523833	0.2757570598316787	5.0	0	1.4920008754284	4.137317035052305		0
222	switched	tight_vs_loose	help	h5l5	h16l5	8228	133	3	2	-1.7353734163128571	-5.005323156940213	-1.8246846388064242	-4.290480771864461	2.4657961330580367	-2.220683078677326	-5.421236473096015	2^-10	-3.8003037299791194	-7.071673524562305	5.0	0	3.6417893703492275	0.368608114706307	5.0	0
222	switched	tight_vs_loose	harm	h5l5	h16l5	8267	145	1	2	-4.558304224210387	-1.6307888636139678	-4.176828231143	-1.7777534496321132	-2.399074781510887	-0.07186924343647451	2.8578920310173346	2^-16	-4.380732460364415	-1.4532471532600855	5.0	0	2.994211286815296	5.920370770625201	16.0	0
222	switched	witnessed_vs_fixed	help	h10l5	h5l5	8267	145	1	2	-4.558304224210387	-1.6307888636139678	-2.247389138989629	-4.176828231143	1.929439092153371	-0.07186924343647451	2.8578920310173346	2^-16	0.582400441178634	3.509643034442895	10.0	0	-4.380732460364415	-1.4532471532600855	5.0	0
222	switched	witnessed_vs_fixed	harm	h10l5	h5l5	8268	145	1	3	-3.272950604399737	-5.663361369909688	-5.2384710274155495	-3.6249176778419967	-1.6135533495735528	2.8578920310173346	0.3781721395380922	2^-16	3.509643034442895	1.1191624349500087	10.0	0	-1.4532471532600855	-3.8436814660558376	5.0	0
222	switched	witnessed_vs_witness	help	h10l5	witness	8246	135	2	3	-0.35881602307954896	-5.041200290256342	-1.2728990718970472	-2.721432516576849	1.4485334446798017	-2.152599423454515	-6.767714958648355	2^-10	-0.067312763448663	-4.751158968812076	5.0	0	2.373152371387964	-2.310925705086195		0
222	switched	witnessed_vs_witness	harm	h10l5	witness	8245	75	1	2	-4.558163542513954	-1.4235863066098737	-3.7391894571917623	-2.5952592213291115	-1.1439302358626509	-5.457730745144357	-2.152599423454515	2^-10	-3.1991338297124368	-0.067312763448663	5.0	0	-0.7526905752863733	2.373152371387964		0
222	moved_mid	tight_vs_loose	help	h5l5	h16l5	15082	244	4	3	-5.613339841753973	-12.309512158346323	-5.920816074107114	-11.269119434666102	5.3483033605589885	4.009095013395523	-2.8123615223654364	2^-16	-2.056430341847126	-8.752624723425328	5.0	0	6.587583021600034	-0.10863172645537204	5.0	0
222	moved_mid	tight_vs_loose	harm	h5l5	h16l5	11955	178	1	2	-6.355417847742325	-1.2823229565640317	-4.226453124626538	-1.3371487897367853	-2.8893043348897525	-1.7685811069241413	3.3597819438455314	2^-10	-3.1178139256688757	1.9484181911199407	5.0	0	4.6450488032623936	8.850789986526875	16.0	0
222	moved_mid	witnessed_vs_fixed	help	h10l5	h5l5	11955	178	1	2	-6.355417847742325	-1.2823229565640317	-1.6293554847057894	-4.226453124626538	2.597097639920748	-1.7685811069241413	3.3597819438455314	2^-10	1.8230627551354948	6.735998831915506	10.0	0	-3.1178139256688757	1.9484181911199407	5.0	0
222	moved_mid	witnessed_vs_fixed	harm	h10l5	h5l5	13318	174	4	2	-7.936130472866464	-14.132130896777575	-12.991288833538933	-9.434040762685607	-3.5572480708533263	9.86773625149468	3.36336906972436	2^-16	5.882792224290594	-0.3132479312487998	10.0	0	0.9240468256256976	-5.271976181974833	5.0	0
222	moved_mid	witnessed_vs_witness	help	h10l5	witness	15082	244	4	3	-5.613339841753973	-12.309512158346323	-8.627107799069726	-11.269119434666102	2.6420116355963756	4.009095013395523	-2.8123615223654364	2^-16	2.9400694391754194	-3.7561265206404566	5.0	0	6.587583021600034	-0.10863172645537204		0
222	moved_mid	witnessed_vs_witness	harm	h10l5	witness	13334	13	2	2	-3.6197053845954144	-1.1678620785117553	-2.559381988797095	-1.3415975755144973	-1.2177844132825977	1.9849842320429003	4.374796780875219	2^-16	-1.6412492082088381	0.8105334737379224	10.0	0	2.632968186429827	5.084042577696341		0
223	switched	tight_vs_loose	help	h5l5	h16l5	8413	181	2	2	-2.067752741743803	-5.435545238488526	-3.0985727708443984	-5.278596576099124	2.180023805254726	0.7942627161987996	-2.598350490427136	2^-16	0.3791867905898648	-2.9886304936408092	5.0	0	6.324117748889818	2.956132389579632	5.0	0
223	switched	tight_vs_loose	harm	h5l5	h16l5	8451	244	2	2	-5.102959122841172	-1.7765036796113398	-4.952426842720129	-2.844414622172402	-2.108012220547727	-1.7635005584234569	1.6180642772571088	2^-10	-6.341979511708213	-3.0171078535796494	5.0	0	-0.4709872276649231	2.843897891624049	16.0	0
223	switched	witnessed_vs_fixed	help	h10l5	h5l5	8465	90	3	2	-5.898680861859457	-2.0375435053949538	-2.2066447815497297	-3.8398245965259026	1.633179814976173	2.4970928988181913	6.280196102194626	2^-16	2.8912507787903845	6.7499946984817	10.0	0	-1.7107602191939606	2.150257397819166	5.0	0
223	switched	witnessed_vs_fixed	harm	h10l5	h5l5	8413	181	2	2	-2.067752741743803	-5.435545238488526	-5.079939262279221	-3.0985727708443984	-1.9813664914348226	0.7942627161987996	-2.598350490427136	2^-16	5.015841553276204	1.6479580509512588	5.0	0	0.3791867905898648	-2.9886304936408092	5.0	0
223	switched	witnessed_vs_witness	help	h10l5	witness	8447	244	2	2	-0.8333690190574783	-4.794360325399187	-1.9351104403330803	-2.9444788335963414	1.009368393263261	0.07043038268745123	-3.89276187311324	2^-16	0.4106999788775558	-3.550315220512498	5.0	0	2.200046485943179	-1.7609733296039813		0
223	switched	witnessed_vs_witness	harm	h10l5	witness	8451	244	2	2	-5.102959122841172	-1.7765036796113398	-3.477004308633038	-2.618161419970422	-0.858842888662616	-1.7635005584234569	1.6180642772571088	2^-10	-1.7349079904959706	1.585898136826662	10.0	0	0.05230082217783545	3.362765770357749		0
223	moved_mid	tight_vs_loose	help	h5l5	h16l5	8785	177	4	1	-6.087401189708832	-15.838484739977048	-7.652002103201982	-14.914216399949357	7.262214296747375	6.575844906231644	-3.380733797356311	2^-16	0.9743095432838984	-8.77679607112218	5.0	0	9.903562923580111	0.152432891741042	5.0	0
223	moved_mid	tight_vs_loose	harm	h5l5	h16l5	11112	105	3	2	-7.079944234155908	-2.736353237433507	-6.709864674162792	-2.9925435488011245	-3.7173211253616674	-0.9567025521108644	3.4167853993650015	2^-16	-6.022564146514677	-1.6790020387330655	5.0	0	2.2760215981124285	6.617427509046864	16.0	0
223	moved_mid	witnessed_vs_fixed	help	h10l5	h5l5	11112	105	3	2	-7.079944234155908	-2.736353237433507	-4.214444560648943	-6.709864674162792	2.495420113513849	-0.9567025521108644	3.4167853993650015	2^-16	-1.0494953930950996	3.293857674242486	10.0	0	-6.022564146514677	-1.6790020387330655	5.0	0
223	moved_mid	witnessed_vs_fixed	harm	h10l5	h5l5	13893	54	4	1	-3.2612527621748217	-15.730374366796871	-12.94873180306212	-8.29472883782822	-4.6540029652339	7.73965517199348	-4.971330656753366	2^-16	9.912451045334446	-2.556696314853484	5.0	0	4.997096992971011	-7.472046749589557	5.0	0
223	moved_mid	witnessed_vs_witness	help	h10l5	witness	14652	249	4	2	-3.8192298488017937	-13.810771246469209	-9.323098839683132	-12.361785945076104	3.038687105392972	3.9352758515140267	-6.179242916513202	2^-16	5.5375025294383216	-4.454061886549651	5.0	0	9.196761966251277	-0.7948141347389176		0
223	moved_mid	witnessed_vs_witness	harm	h10l5	witness	13536	77	2	2	-5.695175485444382	-2.358563219012356	-5.25452492626922	-3.747787457335719	-1.5067374689335016	-0.808315855355318	2.553556281556562	2^-16	-4.61360322095662	-1.277022052545777	10.0	0	-1.1284497378698821	2.2080387955276537		0
